01000001,[['Toán', '8.4'], ['Văn', '8.5'], ['Sử', '6.75'], ['Địa', '6'], ['Ngoại ngữ', '9.2'], ['GDCD', '9']]
01000002,[['Toán', '7.2'], ['Văn', '8.5'], ['Sử', '8.75'], ['Địa', '6.5'], ['Ngoại ngữ', '9.2'], ['GDCD', '8.5']]
01000003,[['Văn', '6.5'], ['Sử', '9.25'], ['Địa', '7.5']]
01000004,[['Toán', '7.8'], ['Văn', '8.25'], ['Sử', '4.5'], ['Địa', '6.25'], ['Ngoại ngữ', '7.8'], ['GDCD', '8.25']]
01000005,[['Toán', '7.2'], ['Văn', '8'], ['Sử', '4.75'], ['Địa', '6.75'], ['Ngoại ngữ', '7.8'], ['GDCD', '8.25']]
01000006,[['Toán', '7.6'], ['Văn', '9.25'], ['Sử', '8.5'], ['Địa', '7.25'], ['Ngoại ngữ', '9'], ['GDCD', '9.75']]
01000007,[['Toán', '5.6'], ['Văn', '7'], ['Sử', '4.75'], ['Địa', '5.75'], ['Ngoại ngữ', '6.4'], ['GDCD', '8']]
01000008,[['Toán', '7.2'], ['Lí', '5'], ['Hóa', '3.5'], ['Sinh', '1.75'], ['Văn', '7.5'], ['Ngoại ngữ', '6']]
01000009,[['Toán', '7.6'], ['Văn', '8.25'], ['Sử', '6.5'], ['Địa', '7.25'], ['Ngoại ngữ', '9'], ['GDCD', '9.5']]
01000010,[['Toán', '8.2'], ['Văn', '9.5'], ['Sử', '7.25'], ['Địa', '6.5'], ['Ngoại ngữ', '7'], ['GDCD', '8.75']]
01000011,[['Toán', '5.6'], ['Lí', '5.75'], ['Hóa', '3.5'], ['Sinh', '4.5'], ['Văn', '7'], ['Ngoại ngữ', '8.4']]
01000012,[['Toán', '7.2'], ['Văn', '8.5'], ['Sử', '8'], ['Địa', '7.75'], ['Ngoại ngữ', '8.4'], ['GDCD', '8.25']]
01000013,[['Toán', '7.4'], ['Lí', '8'], ['Hóa', '3.75'], ['Sinh', '5.75'], ['Văn', '5.75'], ['Ngoại ngữ', '8']]
01000014,[['Toán', '7'], ['Văn', '4.5'], ['Sử', '4.25'], ['Địa', '6.5'], ['GDCD', '8.25']]
01000015,[['Toán', '8.2'], ['Lí', '5.75'], ['Hóa', '7.5'], ['Sinh', '7.75'], ['Văn', '8.5'], ['Ngoại ngữ', '9.2']]
01000016,[['Toán', '8.2'], ['Văn', '8.75'], ['Sử', '6.5'], ['Địa', '6.25'], ['Ngoại ngữ', '8.4'], ['GDCD', '9.5']]
01000017,[['Toán', '7.4'], ['Lí', '3'], ['Hóa', '6.5'], ['Sinh', '6.75'], ['Văn', '7.75'], ['Ngoại ngữ', '6.6']]
01000018,[['Văn', '7'], ['Sử', '7.5'], ['Địa', '7.25'], ['Ngoại ngữ', '2.8']]
01000019,[['Toán', '8.4'], ['Văn', '9'], ['Sử', '8.25'], ['Địa', '7.25'], ['Ngoại ngữ', '9.4'], ['GDCD', '8.5']]
01000020,[['Toán', '8.2'], ['Văn', '8.75'], ['Sử', '8.75'], ['Địa', '9'], ['Ngoại ngữ', '7.2'], ['GDCD', '9.75']]
01000021,[['Toán', '8.2'], ['Văn', '8.25'], ['Sử', '5.75'], ['Địa', '6.5'], ['Ngoại ngữ', '7.8'], ['GDCD', '8.25']]
01000022,[['Toán', '8'], ['Văn', '9.25'], ['Sử', '6.5'], ['Địa', '6.5'], ['Ngoại ngữ', '9'], ['GDCD', '9.25']]
01000023,[['Toán', '8.6'], ['Văn', '8.5'], ['Sử', '8.75'], ['Địa', '7.5'], ['Ngoại ngữ', '9.8'], ['GDCD', '8.75']]
01000024,[['Toán', '8.2'], ['Văn', '9'], ['Sử', '8.75'], ['Địa', '7.25'], ['Ngoại ngữ', '9.6'], ['GDCD', '9.25']]
01000025,[['Toán', '6.6'], ['Văn', '8.25'], ['Sử', '6.25'], ['Địa', '6.5'], ['Ngoại ngữ', '8'], ['GDCD', '8.25']]
01000026,[['Toán', '7.4'], ['Văn', '9'], ['Sử', '5.25'], ['Địa', '6'], ['Ngoại ngữ', '8.8'], ['GDCD', '8.5']]
01000027,[['Toán', '8'], ['Lí', '5'], ['Hóa', '8'], ['Sinh', '8'], ['Văn', '8'], ['Ngoại ngữ', '9.2']]
01000028,[['Toán', '8.2'], ['Văn', '9'], ['Sử', '6.25'], ['Địa', '7.75'], ['Ngoại ngữ', '9.6'], ['GDCD', '9.25']]
01000029,[['Toán', '2.8'], ['Văn', '6.75'], ['Sử', '5.25'], ['Địa', '5.75']]
01000030,[['Toán', '7.2'], ['Văn', '8.75'], ['Sử', '8'], ['Địa', '5.75'], ['Ngoại ngữ', '8.6'], ['GDCD', '9']]
01000031,[['Toán', '5'], ['Lí', '5.5'], ['Hóa', '5.25'], ['Sinh', '4.75'], ['Văn', '6.5'], ['Ngoại ngữ', '3.2']]
01000032,[['Toán', '8.2'], ['Lí', '8.25'], ['Hóa', '7.75'], ['Sinh', '6.25'], ['Văn', '6.25'], ['Ngoại ngữ', '5.4']]
01000033,[['Toán', '7.2'], ['Văn', '8'], ['Sử', '5'], ['Địa', '5.25'], ['Ngoại ngữ', '9'], ['GDCD', '7']]
01000034,[['Toán', '7.6'], ['Văn', '9'], ['Sử', '7'], ['Địa', '6.5'], ['Ngoại ngữ', '6.6'], ['GDCD', '8.5']]
01000035,[['Toán', '5'], ['Văn', '3.5'], ['Sử', '4.5'], ['Địa', '5.5']]
01000036,[['Toán', '7.8'], ['Lí', '6.25'], ['Hóa', '6.5'], ['Sinh', '6.5'], ['Văn', '7.75'], ['Ngoại ngữ', '5']]
01000037,[['Văn', '8.5'], ['Sử', '9.25'], ['Địa', '9.25']]
01000038,[['Toán', '7.8'], ['Lí', '7.75'], ['Hóa', '7.25'], ['Sinh', '7.75'], ['Văn', '8'], ['Ngoại ngữ', '9.2']]
01000039,[['Toán', '5.8'], ['Văn', '9.25'], ['Sử', '6'], ['Địa', '7'], ['GDCD', '9.25']]
01000040,[['Toán', '7.2'], ['Văn', '8'], ['Sử', '5.25'], ['Địa', '6.5'], ['Ngoại ngữ', '8.6'], ['GDCD', '9']]
01000041,[['Toán', '8.6'], ['Lí', '6'], ['Hóa', '8.5'], ['Sinh', '8.75'], ['Văn', '7.75'], ['Ngoại ngữ', '9.4']]
01000042,[['Toán', '7.6'], ['Văn', '9.5'], ['Sử', '6.75'], ['Địa', '5.25'], ['Ngoại ngữ', '7.4'], ['GDCD', '8.25']]
01000043,[['Toán', '7'], ['Văn', '8'], ['Sử', '7.25'], ['Địa', '5.25'], ['Ngoại ngữ', '7.6'], ['GDCD', '8.25']]
01000044,[['Toán', '7.6'], ['Lí', '7.25'], ['Hóa', '8.5'], ['Sinh', '5.5'], ['Văn', '6.5'], ['Ngoại ngữ', '6.2']]
01000045,[['Toán', '3.8'], ['Văn', '7.5'], ['Sử', '6.5'], ['Địa', '5.5'], ['Ngoại ngữ', '4.2'], ['GDCD', '8.25']]
01000046,[['Toán', '7.8'], ['Lí', '6.75'], ['Hóa', '7.5'], ['Sinh', '6.5'], ['Văn', '4'], ['Ngoại ngữ', '9.4']]
01000047,[['Toán', '8.6'], ['Lí', '7.75'], ['Hóa', '5.5'], ['Sinh', '4'], ['Văn', '7'], ['Ngoại ngữ', '8.6']]
01000048,[['Toán', '5.4'], ['Văn', '8'], ['Sử', '4'], ['Địa', '5.25'], ['Ngoại ngữ', '7.4'], ['GDCD', '7']]
01000049,[['Toán', '7.8'], ['Văn', '8.75'], ['Sử', '7.25'], ['Địa', '5.5'], ['Ngoại ngữ', '8'], ['GDCD', '9']]
01000050,[['Toán', '8.6'], ['Văn', '8.5'], ['Sử', '6.75'], ['Địa', '5.75'], ['Ngoại ngữ', '8.2'], ['GDCD', '8.25']]
01000051,[['Toán', '8.6'], ['Văn', '8.75'], ['Sử', '7.25'], ['Địa', '6.5'], ['Ngoại ngữ', '9.4'], ['GDCD', '8.75']]
01000052,[['Toán', '7.4'], ['Văn', '9'], ['Sử', '6.75'], ['Địa', '6.75'], ['Ngoại ngữ', '8.2'], ['GDCD', '9']]
01000053,[['Toán', '8.2'], ['Văn', '8.5'], ['Sử', '4.5'], ['Địa', '6.5'], ['Ngoại ngữ', '8.8'], ['GDCD', '9.75']]
01000054,[['Văn', '6.25'], ['Sử', '5.75'], ['Địa', '6.25']]
01000055,[['Toán', '7'], ['Văn', '8.25'], ['Sử', '8'], ['Địa', '7.5'], ['Ngoại ngữ', '7'], ['GDCD', '9.75']]
01000056,[['Toán', '6'], ['Văn', '8'], ['Sử', '6.75'], ['Địa', '5.25'], ['Ngoại ngữ', '7.4'], ['GDCD', '8.25']]
01000057,[['Toán', '7.6'], ['Văn', '9.25'], ['Sử', '6.25'], ['Địa', '6'], ['Ngoại ngữ', '9'], ['GDCD', '9.25']]
01000058,[['Toán', '7.8'], ['Lí', '6.75'], ['Hóa', '8'], ['Sinh', '4.75'], ['Văn', '5.5'], ['Ngoại ngữ', '7.4']]
01000059,[['Toán', '8.2'], ['Lí', '6.75'], ['Hóa', '5.5'], ['Sinh', '8.25'], ['Văn', '8'], ['Ngoại ngữ', '8.8']]
01000060,[['Toán', '6'], ['Văn', '7.5'], ['Sử', '5.5'], ['Địa', '5.5'], ['Ngoại ngữ', '8'], ['GDCD', '6.5']]
01000061,[['Văn', '6.75'], ['Sử', '7.75'], ['Địa', '7.25']]
01000062,[['Toán', '6.4'], ['Văn', '4'], ['Ngoại ngữ', '5.4']]
01000063,[['Toán', '7.4'], ['Lí', '6.25'], ['Hóa', '5'], ['Sinh', '4.75'], ['Văn', '7.75'], ['Ngoại ngữ', '9']]
01000064,[['Toán', '7.8'], ['Văn', '7.75'], ['Sử', '7'], ['Địa', '5'], ['Ngoại ngữ', '9.2'], ['GDCD', '7.75']]
01000065,[['Toán', '8.2'], ['Lí', '7'], ['Hóa', '1.75'], ['Sinh', '3.5'], ['Văn', '6.5'], ['Ngoại ngữ', '8.8']]
01000066,[['Toán', '7.2'], ['Văn', '6.5'], ['Sử', '3.5'], ['Địa', '4']]
01000067,[['Toán', '8'], ['Văn', '9.5'], ['Sử', '6.5'], ['Địa', '6.25'], ['Ngoại ngữ', '8.8'], ['GDCD', '7.75']]
01000068,[['Toán', '8.4'], ['Văn', '9'], ['Sử', '8.25'], ['Địa', '7.75'], ['Ngoại ngữ', '9.6'], ['GDCD', '10']]
01000069,[['Toán', '7.6'], ['Văn', '9'], ['Sử', '7.25'], ['Địa', '6.75'], ['Ngoại ngữ', '9.6'], ['GDCD', '9.5']]
01000070,[['Toán', '8.6'], ['Văn', '8.5'], ['Sử', '5.25'], ['Địa', '7.75'], ['Ngoại ngữ', '8.2'], ['GDCD', '8.5']]
01000071,[['Toán', '8.2'], ['Văn', '9'], ['Sử', '5.5'], ['Địa', '6.25'], ['Ngoại ngữ', '9'], ['GDCD', '9']]
01000072,[['Toán', '7'], ['Lí', '7.25'], ['Hóa', '4.75'], ['Sinh', '6.5'], ['Văn', '5.5'], ['Ngoại ngữ', '9.8']]
01000073,[['Toán', '7.4'], ['Văn', '7.75'], ['Sử', '6'], ['Địa', '7'], ['Ngoại ngữ', '5.6'], ['GDCD', '8']]
01000074,[['Toán', '8'], ['Văn', '9'], ['Sử', '6.25'], ['Địa', '5.75'], ['Ngoại ngữ', '8'], ['GDCD', '7.75']]
01000075,[['Toán', '7.8'], ['Lí', '8'], ['Hóa', '5.25'], ['Sinh', '6'], ['Văn', '8.5'], ['Ngoại ngữ', '9.2']]
01000076,[['Toán', '8.2'], ['Lí', '7'], ['Hóa', '8.5'], ['Sinh', '8.25'], ['Văn', '8'], ['Ngoại ngữ', '8.6']]
01000077,[['Toán', '6.6'], ['Văn', '7.75'], ['Sử', '5.75'], ['Địa', '5.5'], ['Ngoại ngữ', '6.2'], ['GDCD', '7.25']]
01000078,[['Toán', '3.4'], ['Văn', '6.5'], ['Sử', '4.25'], ['Địa', '6.25']]
01000079,[['Toán', '6'], ['Văn', '8.75'], ['Sử', '8'], ['Địa', '6'], ['Ngoại ngữ', '6.8'], ['GDCD', '8']]
01000080,[['Toán', '7.6'], ['Lí', '7.75'], ['Hóa', '7.25'], ['Sinh', '7.75'], ['Văn', '8.25'], ['Ngoại ngữ', '8.4']]
01000081,[['Toán', '7.6'], ['Văn', '8.75'], ['Sử', '7.25'], ['Địa', '5.5'], ['Ngoại ngữ', '8.4'], ['GDCD', '8.5']]
01000082,[['Toán', '9.2'], ['Lí', '7.75'], ['Hóa', '7'], ['Sinh', '8'], ['Văn', '8.75'], ['Ngoại ngữ', '9.2']]
01000083,[['Toán', '8.2'], ['Văn', '9'], ['Sử', '7.75'], ['Địa', '7.75'], ['Ngoại ngữ', '9.6'], ['GDCD', '9.5']]
01000084,[['Toán', '7.6'], ['Văn', '9.5'], ['Sử', '7'], ['Địa', '6.5'], ['Ngoại ngữ', '8'], ['GDCD', '8.5']]
01000085,[['Văn', '5.5'], ['Sử', '3'], ['Địa', '6']]
01000086,[['Văn', '6'], ['Sử', '7'], ['Địa', '6.25']]
01000087,[['Toán', '6.8'], ['Văn', '6.25'], ['Sử', '4.25'], ['Địa', '5'], ['Ngoại ngữ', '7.6'], ['GDCD', '8']]
01000088,[['Toán', '6.2'], ['Văn', '8.5'], ['Ngoại ngữ', '6.6']]
01000089,[['Toán', '8.2'], ['Văn', '8.75'], ['Sử', '7.75'], ['Địa', '7'], ['Ngoại ngữ', '9.4'], ['GDCD', '9.5']]
01000090,[['Toán', '7'], ['Văn', '8.5'], ['Sử', '4.75'], ['Địa', '5.25'], ['Ngoại ngữ', '7'], ['GDCD', '8.25']]
01000091,[['Toán', '6.6'], ['Văn', '8.5'], ['Sử', '6.5'], ['Địa', '4.25'], ['Ngoại ngữ', '8.4'], ['GDCD', '9']]
01000092,[['Toán', '7.8'], ['Văn', '8.5'], ['Sử', '5.25'], ['Địa', '6.25'], ['Ngoại ngữ', '9'], ['GDCD', '9']]
01000093,[['Toán', '2.4'], ['Văn', '6.25'], ['Sử', '4.25'], ['Địa', '4.5']]
01000094,[['Toán', '7.6'], ['Văn', '9'], ['Sử', '7.25'], ['Địa', '6.5'], ['Ngoại ngữ', '9.2'], ['GDCD', '9.25']]
01000095,[['Toán', '8.2'], ['Văn', '9.5'], ['Sử', '6.5'], ['Địa', '7'], ['Ngoại ngữ', '8.6'], ['GDCD', '9']]
01000096,[['Toán', '8'], ['Văn', '9.25'], ['Sử', '6'], ['Địa', '7.25'], ['Ngoại ngữ', '7.4'], ['GDCD', '8.25']]
01000097,[['Toán', '8.4'], ['Văn', '8.25'], ['Sử', '7.25'], ['Địa', '8'], ['Ngoại ngữ', '9.6'], ['GDCD', '9.25']]
01000098,[['Toán', '8.2'], ['Văn', '9.25'], ['Sử', '7.5'], ['Địa', '6.75'], ['Ngoại ngữ', '9.4'], ['GDCD', '8.75']]
01000099,[['Toán', '8.6'], ['Văn', '9.5'], ['Sử', '7'], ['Địa', '8'], ['Ngoại ngữ', '9.2'], ['GDCD', '9.25']]
01000100,[['Toán', '7'], ['Văn', '9.25'], ['Sử', '7'], ['Địa', '6.25'], ['Ngoại ngữ', '8.8'], ['GDCD', '9.75']]
01000101,[['Toán', '6.6'], ['Văn', '8.25'], ['Sử', '7.25'], ['Địa', '6.75'], ['Ngoại ngữ', '8'], ['GDCD', '9.75']]
01000102,[['Toán', '6.8'], ['Văn', '9'], ['Sử', '4.25'], ['Địa', '5.5'], ['Ngoại ngữ', '6.8'], ['GDCD', '7.5']]
01000103,[['Toán', '8'], ['Văn', '9'], ['Sử', '7.75'], ['Địa', '6.75'], ['Ngoại ngữ', '9'], ['GDCD', '8.5']]
01000104,[['Toán', '3'], ['Văn', '3.25'], ['Sử', '4.5'], ['Địa', '4.75']]
01000105,[['Toán', '7.6'], ['Văn', '8.5'], ['Sử', '6'], ['Địa', '5.75'], ['Ngoại ngữ', '6.6'], ['GDCD', '9.5']]
01000106,[['Toán', '4.4'], ['Văn', '6.5'], ['Sử', '6.75'], ['Địa', '6.25']]
01000107,[['Toán', '6.8'], ['Văn', '8.25'], ['Sử', '4.25'], ['Địa', '6.75'], ['Ngoại ngữ', '6.6'], ['GDCD', '7.75']]
01000108,[['Toán', '7.6'], ['Lí', '6.75'], ['Hóa', '8.25'], ['Sinh', '5.5'], ['Văn', '8.5'], ['Ngoại ngữ', '8']]
01000109,[['Toán', '6.6'], ['Văn', '8.75'], ['Sử', '4.5'], ['Địa', '6'], ['Ngoại ngữ', '5.8'], ['GDCD', '9.25']]
01000110,[['Toán', '8.4'], ['Lí', '7.5'], ['Ngoại ngữ', '8']]
01000111,[['Toán', '3.6'], ['Văn', '4.5'], ['Sử', '4.5'], ['Địa', '5.25']]
01000112,[['Toán', '7.4'], ['Văn', '9.25'], ['Sử', '4.25'], ['Địa', '6'], ['Ngoại ngữ', '7.2'], ['GDCD', '7.5']]
01000113,[['Toán', '8.2'], ['Lí', '7.5'], ['Hóa', '8'], ['Sinh', '6.25'], ['Văn', '6.5'], ['Ngoại ngữ', '6.8']]
01000114,[['Toán', '5.2'], ['Văn', '8.75'], ['Sử', '8.25'], ['Địa', '7.5'], ['Ngoại ngữ', '7.2'], ['GDCD', '8']]
01000115,[['Toán', '6.6'], ['Văn', '6.5'], ['Sử', '3.5'], ['Địa', '5'], ['Ngoại ngữ', '7'], ['GDCD', '7.75']]
01000116,[['Toán', '7.2'], ['Lí', '5'], ['Hóa', '7'], ['Sinh', '5.5'], ['Văn', '7.25'], ['Ngoại ngữ', '8']]
01000117,[['Toán', '3.4'], ['Văn', '7.75'], ['Sử', '4.25'], ['Địa', '3.75']]
01000118,[['Toán', '6.6'], ['Văn', '8.5'], ['Sử', '5.75'], ['Địa', '5.5'], ['Ngoại ngữ', '8.2'], ['GDCD', '8.25']]
01000119,[['Toán', '6.8'], ['Văn', '8.75'], ['Sử', '6'], ['Địa', '5'], ['Ngoại ngữ', '8.4'], ['GDCD', '8']]
01000120,[['Toán', '7.6'], ['Văn', '9.5'], ['Sử', '6.25'], ['Địa', '6.75'], ['Ngoại ngữ', '9.2'], ['GDCD', '9']]
01000121,[['Toán', '7.4'], ['Văn', '9.25'], ['Sử', '5'], ['Địa', '5.25'], ['Ngoại ngữ', '7.8'], ['GDCD', '8.75']]
01000122,[['Toán', '5'], ['Lí', '5.5'], ['Hóa', '3.5'], ['Sinh', '5'], ['Văn', '7'], ['Ngoại ngữ', '3.8']]
01000123,[['Toán', '7.8'], ['Lí', '4.5'], ['Hóa', '7.25'], ['Sinh', '6'], ['Văn', '8.25'], ['Ngoại ngữ', '8']]
01000124,[['Toán', '7.8'], ['Lí', '8.25'], ['Hóa', '4.75'], ['Sinh', '6.75'], ['Văn', '6.25'], ['Ngoại ngữ', '8.2']]
01000125,[['Toán', '6.6'], ['Văn', '8.75'], ['Sử', '6.5'], ['Địa', '7.5'], ['Ngoại ngữ', '9.4'], ['GDCD', '8']]
01000126,[['Toán', '4.8'], ['Văn', '6.25'], ['Sử', '5.75'], ['Địa', '6']]
01000127,[['Toán', '8.2'], ['Lí', '7.75'], ['Hóa', '3.25'], ['Sinh', '6.25'], ['Văn', '6.75'], ['Ngoại ngữ', '7.6']]
01000128,[['Toán', '6.8'], ['Văn', '7.5'], ['Sử', '4.5'], ['Địa', '6'], ['Ngoại ngữ', '8.2'], ['GDCD', '5.75']]
01000129,[['Toán', '7.8'], ['Lí', '6.75'], ['Hóa', '7.25'], ['Sinh', '8'], ['Văn', '8'], ['Ngoại ngữ', '9']]
01000130,[['Toán', '6.6'], ['Văn', '8.75'], ['Sử', '6.5'], ['Địa', '6.75'], ['GDCD', '9.25']]
01000131,[['Toán', '8.4'], ['Văn', '9.25'], ['Sử', '7.5'], ['Địa', '6.75'], ['Ngoại ngữ', '8.8'], ['GDCD', '8.25']]
01000132,[['Toán', '6.6'], ['Lí', '7.5'], ['Hóa', '5.5'], ['Sinh', '5.25'], ['Văn', '8'], ['Ngoại ngữ', '7.6']]
01000133,[['Toán', '8.8'], ['Văn', '8.5'], ['Sử', '5.25'], ['Địa', '6.75'], ['Ngoại ngữ', '8.2'], ['GDCD', '8.75']]
01000134,[['Toán', '7'], ['Lí', '6.25'], ['Hóa', '7.25'], ['Sinh', '8'], ['Văn', '7.5'], ['Ngoại ngữ', '6.6']]
01000135,[['Toán', '8'], ['Văn', '8.5'], ['Sử', '5.75'], ['Địa', '6.25'], ['Ngoại ngữ', '9.2'], ['GDCD', '8.5']]
01000136,[['Toán', '7.8'], ['Văn', '8.5'], ['Sử', '4.25'], ['Địa', '4.75'], ['Ngoại ngữ', '6.6'], ['GDCD', '8']]
01000137,[['Toán', '7.8'], ['Văn', '8.25'], ['Sử', '6.75'], ['Địa', '7'], ['Ngoại ngữ', '8'], ['GDCD', '8.5']]
01000138,[['Toán', '7.4'], ['Văn', '8.25'], ['Sử', '5'], ['Địa', '7.25'], ['Ngoại ngữ', '8.4'], ['GDCD', '8.5']]
01000139,[['Toán', '8.2'], ['Văn', '8.5'], ['Sử', '6.75'], ['Địa', '5'], ['Ngoại ngữ', '8'], ['GDCD', '9.25']]
01000140,[['Toán', '8.2'], ['Văn', '7'], ['Sử', '5.75'], ['Địa', '6.75'], ['Ngoại ngữ', '7.2'], ['GDCD', '8']]
01000141,[['Toán', '8.4'], ['Lí', '8'], ['Hóa', '6'], ['Sinh', '5.75'], ['Văn', '8.25'], ['Ngoại ngữ', '8.8']]
01000142,[['Toán', '4.8'], ['Văn', '5'], ['Sử', '4.25'], ['Địa', '6.25']]
01000143,[['Toán', '8'], ['Văn', '8.75'], ['Sử', '4'], ['Địa', '5'], ['Ngoại ngữ', '9'], ['GDCD', '8.5']]
01000144,[['Văn', '6.5'], ['Sử', '6.25'], ['Địa', '5']]
01000145,[['Toán', '7.2'], ['Lí', '7'], ['Hóa', '3.75'], ['Sinh', '6.25'], ['Văn', '8'], ['Ngoại ngữ', '8.4']]
01000146,[['Toán', '4'], ['Văn', '6'], ['Sử', '2.75'], ['Địa', '4.75']]
01000147,[['Toán', '7.6'], ['Văn', '8.5'], ['Sử', '7'], ['Địa', '7.5'], ['Ngoại ngữ', '9.4'], ['GDCD', '9.25']]
01000148,[['Toán', '8.2'], ['Văn', '9'], ['Sử', '7.5'], ['Địa', '7.75'], ['Ngoại ngữ', '9.2'], ['GDCD', '9.5']]
01000149,[['Toán', '7.8'], ['Văn', '8.75'], ['Sử', '4.25'], ['Địa', '5'], ['Ngoại ngữ', '8.4'], ['GDCD', '8.25']]
01000150,[['Toán', '8'], ['Lí', '8.75'], ['Hóa', '6.75'], ['Sinh', '8.25'], ['Văn', '6.25'], ['Ngoại ngữ', '9.2']]
01000151,[['Toán', '8.4'], ['Văn', '9.25'], ['Sử', '7.5'], ['Địa', '8.5'], ['Ngoại ngữ', '9.2'], ['GDCD', '10']]
01000152,[['Toán', '8.4'], ['Lí', '7.5'], ['Hóa', '5.75'], ['Sinh', '5.25'], ['Văn', '7.25'], ['Ngoại ngữ', '9']]
01000153,[['Toán', '7.8'], ['Văn', '9'], ['Sử', '6.75'], ['Địa', '6'], ['Ngoại ngữ', '8'], ['GDCD', '7.5']]
01000154,[['Toán', '7.6'], ['Lí', '8'], ['Hóa', '5.25'], ['Sinh', '3.75'], ['Văn', '7.5'], ['Ngoại ngữ', '9']]
01000155,[['Toán', '6.6'], ['Văn', '8'], ['Sử', '6.75'], ['Địa', '6'], ['Ngoại ngữ', '9'], ['GDCD', '8.5']]
01000156,[['Toán', '8'], ['Lí', '6.5'], ['Hóa', '5.75'], ['Sinh', '6.25'], ['Văn', '7.25'], ['Ngoại ngữ', '7.8']]
01000157,[['Toán', '8.8'], ['Văn', '6.75'], ['Sử', '6'], ['Địa', '8'], ['GDCD', '8.5']]
01000158,[['Toán', '4.4'], ['Văn', '7'], ['Sử', '4.25'], ['Địa', '4.75'], ['Ngoại ngữ', '3.2'], ['GDCD', '7.25']]
01000159,[['Toán', '8'], ['Văn', '8'], ['Sử', '7.75'], ['Địa', '7.75'], ['Ngoại ngữ', '9.4'], ['GDCD', '8']]
01000160,[['Toán', '7.8'], ['Lí', '9'], ['Hóa', '9.5'], ['Sinh', '6.5'], ['Văn', '7'], ['Ngoại ngữ', '8']]
01000161,[['Toán', '7.6'], ['Văn', '9.25'], ['Sử', '7.25'], ['Địa', '7.25'], ['Ngoại ngữ', '8.6'], ['GDCD', '9.25']]
01000162,[['Toán', '7.4'], ['Văn', '8.25'], ['Sử', '3.75'], ['Địa', '4.5'], ['Ngoại ngữ', '7.6'], ['GDCD', '8']]
01000163,[['Toán', '8'], ['Văn', '9.5'], ['Sử', '7.75'], ['Địa', '7'], ['Ngoại ngữ', '9.2'], ['GDCD', '9']]
01000164,[['Toán', '8.4'], ['Văn', '8.75'], ['Sử', '8'], ['Địa', '7'], ['Ngoại ngữ', '9.6'], ['GDCD', '9.25']]
01000165,[['Toán', '7.8'], ['Văn', '9.25'], ['Sử', '7.75'], ['Địa', '7.5'], ['Ngoại ngữ', '9.2'], ['GDCD', '9']]
01000166,[['Toán', '4.2'], ['Văn', '6.75'], ['Sử', '4.25'], ['Địa', '6'], ['Ngoại ngữ', '6.4'], ['GDCD', '7.25']]
01000167,[['Toán', '6'], ['Văn', '8.25'], ['Sử', '5.25'], ['Địa', '5.5'], ['Ngoại ngữ', '8'], ['GDCD', '8.25']]
01000168,[['Toán', '8.6'], ['Văn', '9.25'], ['Sử', '8.25'], ['Địa', '7.25'], ['Ngoại ngữ', '9.6'], ['GDCD', '9.25']]
01000169,[['Toán', '7.8'], ['Văn', '8'], ['Sử', '4'], ['Địa', '5'], ['Ngoại ngữ', '6.8'], ['GDCD', '6.75']]
01000170,[['Toán', '7.4'], ['Văn', '9'], ['Sử', '8'], ['Địa', '6.5'], ['Ngoại ngữ', '6.4'], ['GDCD', '9.75']]
01000171,[['Toán', '6.2'], ['Văn', '8.5'], ['Sử', '6.5'], ['Địa', '4.75'], ['Ngoại ngữ', '5.4'], ['GDCD', '8.75']]
01000172,[['Toán', '8.6'], ['Văn', '9'], ['Sử', '7'], ['Địa', '6.25'], ['Ngoại ngữ', '9.4'], ['GDCD', '8']]
01000173,[['Toán', '8.4'], ['Lí', '7'], ['Hóa', '8.25'], ['Sinh', '6'], ['Văn', '6.25'], ['Ngoại ngữ', '5']]
01000174,[['Toán', '7.2'], ['Văn', '7'], ['Sử', '6.5'], ['Địa', '6.75'], ['Ngoại ngữ', '6'], ['GDCD', '8.75']]
01000175,[['Toán', '8.2'], ['Văn', '8.25'], ['Sử', '7.5'], ['Địa', '6.5'], ['Ngoại ngữ', '9'], ['GDCD', '9.25']]
01000176,[['Toán', '6.4'], ['Văn', '7.75'], ['Sử', '4.75'], ['Địa', '5.75'], ['Ngoại ngữ', '6'], ['GDCD', '8']]
01000177,[['Toán', '8.8'], ['Văn', '8.75'], ['Sử', '6'], ['Địa', '4.5'], ['Ngoại ngữ', '8.4'], ['GDCD', '9.25']]
01000178,[['Toán', '8'], ['Văn', '9'], ['Sử', '5'], ['Địa', '6.25'], ['Ngoại ngữ', '9.2'], ['GDCD', '8']]
01000179,[['Toán', '8'], ['Văn', '7.75'], ['Sử', '5.5'], ['Địa', '7'], ['Ngoại ngữ', '7'], ['GDCD', '8.5']]
01000180,[['Toán', '8.2'], ['Văn', '7.75'], ['Sử', '6.75'], ['Địa', '7'], ['Ngoại ngữ', '9'], ['GDCD', '8.75']]
01000181,[['Toán', '5.2'], ['Văn', '7.5'], ['Sử', '7'], ['Địa', '5.5'], ['Ngoại ngữ', '9.4'], ['GDCD', '8.5']]
01000182,[['Toán', '9'], ['Lí', '8.75'], ['Hóa', '6.5'], ['Sinh', '7'], ['Văn', '8.75'], ['Ngoại ngữ', '9.2']]
01000183,[['Toán', '5.6'], ['Văn', '6'], ['Sử', '6'], ['Địa', '4']]
01000184,[['Toán', '7.8'], ['Văn', '8'], ['Sử', '6.75'], ['Địa', '6.5'], ['Ngoại ngữ', '8'], ['GDCD', '8.5']]
01000185,[['Toán', '8.8'], ['Lí', '6'], ['Hóa', '6.75'], ['Sinh', '7.5'], ['Văn', '8.75']]
01000186,[['Toán', '8.6'], ['Lí', '7.25'], ['Hóa', '7.25'], ['Sinh', '6'], ['Văn', '8.75'], ['Ngoại ngữ', '8.6']]
01000187,[['Toán', '7.2'], ['Lí', '5.25'], ['Hóa', '2.5'], ['Sinh', '5.5'], ['Văn', '5'], ['Ngoại ngữ', '5.6']]
01000188,[['Toán', '8.2'], ['Lí', '8.25'], ['Hóa', '6.75'], ['Sinh', '4.5'], ['Văn', '6.5'], ['Ngoại ngữ', '7']]
01000189,[['Toán', '8.6'], ['Văn', '8.75'], ['Sử', '5.25'], ['Địa', '5.25'], ['Ngoại ngữ', '8.6'], ['GDCD', '9.25']]
01000190,[['Toán', '7.4'], ['Văn', '8.25'], ['Sử', '5.5'], ['Địa', '5.25'], ['Ngoại ngữ', '5.2'], ['GDCD', '8']]
01000191,[['Toán', '8.2'], ['Văn', '6.25'], ['Sử', '9'], ['Địa', '8.25'], ['Ngoại ngữ', '8.6'], ['GDCD', '9']]
01000192,[['Toán', '7.6'], ['Lí', '8.25'], ['Hóa', '4.5'], ['Sinh', '6.75'], ['Văn', '6.75'], ['Ngoại ngữ', '7.6']]
01000193,[['Toán', '4.6'], ['Văn', '7.75'], ['Sử', '7'], ['Địa', '6'], ['GDCD', '8.75']]
01000194,[['Toán', '6.4'], ['Văn', '7.75'], ['Sử', '4.75'], ['Địa', '4.75'], ['Ngoại ngữ', '3.8'], ['GDCD', '7.25']]
01000195,[['Toán', '6.2'], ['Văn', '8.5'], ['Sử', '7'], ['Địa', '6.5'], ['Ngoại ngữ', '5.6'], ['GDCD', '9.5']]
01000196,[['Toán', '8'], ['Văn', '8.75'], ['Sử', '7.25'], ['Địa', '8.5'], ['Ngoại ngữ', '9.4'], ['GDCD', '9.25']]
01000197,[['Toán', '7.6'], ['Lí', '6.25'], ['Hóa', '5.25'], ['Sinh', '6'], ['Văn', '8.25'], ['Ngoại ngữ', '9.2']]
01000198,[['Toán', '8.8'], ['Lí', '8.75'], ['Hóa', '6'], ['Sinh', '4.5'], ['Văn', '7'], ['Ngoại ngữ', '9.2']]
01000199,[['Toán', '8.2'], ['Văn', '9'], ['Ngoại ngữ', '7.8']]
01000200,[['Toán', '8.6'], ['Văn', '8.75'], ['Sử', '8'], ['Địa', '6.75'], ['Ngoại ngữ', '9.6'], ['GDCD', '9.25']]
01000201,[['Toán', '7.6'], ['Lí', '8.75'], ['Hóa', '5'], ['Sinh', '5.25'], ['Văn', '8.25'], ['Ngoại ngữ', '8']]
01000202,[['Toán', '2.4'], ['Văn', '6.5'], ['Sử', '6'], ['Địa', '5.75'], ['Ngoại ngữ', '4'], ['GDCD', '7.5']]
01000203,[['Toán', '7.8'], ['Văn', '8.75'], ['Sử', '7.75'], ['Địa', '7.75'], ['Ngoại ngữ', '8.8'], ['GDCD', '9.75']]
01000204,[['Toán', '7.4'], ['Lí', '2.25'], ['Hóa', '7.5'], ['Sinh', '4.75'], ['Văn', '7.5'], ['Ngoại ngữ', '6.8']]
01000205,[['Toán', '6.8'], ['Văn', '8'], ['Sử', '7.75'], ['Địa', '5.75'], ['Ngoại ngữ', '8.8'], ['GDCD', '9.25']]
01000206,[['Toán', '8'], ['Văn', '8.75'], ['Sử', '5.75'], ['Địa', '4.75'], ['Ngoại ngữ', '8.6'], ['GDCD', '8.25']]
01000207,[['Toán', '7.8'], ['Lí', '7.5'], ['Hóa', '6'], ['Sinh', '6.25'], ['Văn', '6.5'], ['Ngoại ngữ', '5.4']]
01000208,[['Toán', '8.2'], ['Lí', '8.75'], ['Hóa', '5.75'], ['Sinh', '5.5'], ['Văn', '8.75'], ['Ngoại ngữ', '7.6']]
01000209,[['Toán', '7.8'], ['Văn', '9.25'], ['Sử', '8.5'], ['Địa', '6.25'], ['Ngoại ngữ', '9.6'], ['GDCD', '8.75']]
01000210,[['Toán', '4.4'], ['Văn', '6.5'], ['Sử', '6.25'], ['Địa', '6.5']]
01000211,[['Toán', '6.6'], ['Văn', '8.75'], ['Ngoại ngữ', '7.6']]
01000212,[['Toán', '8'], ['Văn', '8.5'], ['Sử', '6'], ['Địa', '7'], ['Ngoại ngữ', '7.4'], ['GDCD', '8.25']]
01000213,[['Toán', '7.6'], ['Văn', '9'], ['Sử', '8.75'], ['Địa', '5'], ['Ngoại ngữ', '8.4'], ['GDCD', '8.5']]
01000214,[['Toán', '8.6'], ['Văn', '8.75'], ['Sử', '8.5'], ['Địa', '7'], ['Ngoại ngữ', '8.8'], ['GDCD', '9.25']]
01000215,[['Toán', '8'], ['Văn', '9.25'], ['Sử', '7'], ['Địa', '6.25'], ['Ngoại ngữ', '8'], ['GDCD', '8.25']]
01000216,[['Toán', '4.6'], ['Văn', '8'], ['Sử', '5'], ['Địa', '4'], ['Ngoại ngữ', '6'], ['GDCD', '7.75']]
01000217,[['Toán', '7.4'], ['Văn', '8.75'], ['Sử', '3.25'], ['Địa', '4.25'], ['Ngoại ngữ', '7'], ['GDCD', '6.5']]
01000218,[['Toán', '6.2'], ['Văn', '7.5'], ['Sử', '4.25'], ['Địa', '4.5'], ['Ngoại ngữ', '6'], ['GDCD', '7.75']]
01000219,[['Toán', '8.8'], ['Lí', '7.75'], ['Hóa', '7'], ['Sinh', '7'], ['Văn', '7.75'], ['Ngoại ngữ', '8.4']]
01000220,[['Toán', '7.2'], ['Văn', '9.5'], ['Sử', '5.5'], ['Địa', '6'], ['Ngoại ngữ', '9.2'], ['GDCD', '9']]
01000221,[['Toán', '7.4'], ['Văn', '8'], ['Sử', '5.5'], ['Địa', '6.25'], ['Ngoại ngữ', '9'], ['GDCD', '8.25']]
01000222,[['Toán', '6.4'], ['Văn', '8'], ['Sử', '5.75'], ['Địa', '6.25'], ['Ngoại ngữ', '7.6'], ['GDCD', '8']]
01000223,[['Toán', '8.6'], ['Văn', '8.75'], ['Sử', '5.5'], ['Địa', '5.5'], ['Ngoại ngữ', '8.2'], ['GDCD', '7.75']]
01000224,[['Toán', '7.6'], ['Văn', '9.25'], ['Sử', '7.5'], ['Địa', '7.5'], ['Ngoại ngữ', '9.2'], ['GDCD', '9.5']]
01000225,[['Toán', '7.2'], ['Văn', '8'], ['Sử', '5.5'], ['Địa', '7'], ['Ngoại ngữ', '6'], ['GDCD', '8']]
01000226,[['Toán', '7.4'], ['Văn', '8.75'], ['Sử', '5.75'], ['Địa', '5.75'], ['Ngoại ngữ', '8.2'], ['GDCD', '7.75']]
01000227,[['Toán', '5'], ['Văn', '8.5'], ['Sử', '7'], ['Địa', '6.5'], ['Ngoại ngữ', '8.8'], ['GDCD', '9.75']]
01000228,[['Toán', '8'], ['Lí', '6.75'], ['Hóa', '7'], ['Sinh', '5.25'], ['Văn', '6'], ['Ngoại ngữ', '6']]
01000229,[['Toán', '8'], ['Văn', '8.5'], ['Sử', '3.5'], ['Địa', '7'], ['Ngoại ngữ', '8.4'], ['GDCD', '8.75']]
01000230,[['Toán', '8.8'], ['Văn', '9.25'], ['Sử', '7'], ['Địa', '8.75'], ['Ngoại ngữ', '8.8'], ['GDCD', '9.25']]
01000231,[['Toán', '7'], ['Văn', '8.5'], ['Sử', '7.75'], ['Địa', '6.75'], ['Ngoại ngữ', '7.6'], ['GDCD', '8.75']]
01000232,[['Toán', '7.8'], ['Lí', '8.25'], ['Hóa', '6'], ['Sinh', '5.5'], ['Văn', '7.75'], ['Ngoại ngữ', '9.2']]
01000233,[['Toán', '8.6'], ['Văn', '9.25'], ['Sử', '5.75'], ['Địa', '6.25'], ['Ngoại ngữ', '8.8'], ['GDCD', '7.75']]
01000234,[['Toán', '7.8'], ['Văn', '9.5'], ['Sử', '5.5'], ['Địa', '7'], ['Ngoại ngữ', '9.2'], ['GDCD', '7.5']]
01000235,[['Toán', '8.4'], ['Lí', '7.5'], ['Hóa', '7'], ['Sinh', '6.5'], ['Văn', '7.5'], ['Ngoại ngữ', '7.8']]
01000236,[['Toán', '7.8'], ['Văn', '8.5'], ['Sử', '6.25'], ['Địa', '5.5'], ['Ngoại ngữ', '8.6'], ['GDCD', '8']]
01000237,[['Toán', '5.4'], ['Văn', '7'], ['Sử', '4'], ['Địa', '5.5'], ['Ngoại ngữ', '6.8'], ['GDCD', '8.5']]
01000238,[['Toán', '4.8'], ['Văn', '8'], ['Sử', '6.25'], ['Địa', '6.5'], ['Ngoại ngữ', '4.8']]
01000239,[['Toán', '7.8'], ['Văn', '8.5'], ['Sử', '4.25'], ['Địa', '6'], ['Ngoại ngữ', '5.4'], ['GDCD', '8.25']]
01000240,[['Toán', '7.8'], ['Văn', '9'], ['Sử', '4'], ['Địa', '5.25'], ['Ngoại ngữ', '9.2'], ['GDCD', '6.5']]
01000241,[['Toán', '4'], ['Văn', '8'], ['Sử', '6.25'], ['Địa', '5.75'], ['Ngoại ngữ', '7.8'], ['GDCD', '9']]
01000242,[['Toán', '6.4'], ['Lí', '6.25'], ['Hóa', '7.25'], ['Sinh', '6.75'], ['Văn', '7.75'], ['Ngoại ngữ', '6']]
01000243,[['Toán', '5'], ['Văn', '7.75'], ['Sử', '7'], ['Địa', '5'], ['Ngoại ngữ', '6.8'], ['GDCD', '8.75']]
01000244,[['Toán', '6.2'], ['Văn', '7'], ['Sử', '8.25'], ['Địa', '7.5'], ['Ngoại ngữ', '8.2'], ['GDCD', '8.75']]
01000245,[['Toán', '6.2'], ['Văn', '8.5'], ['Sử', '9.25'], ['Địa', '6.75'], ['Ngoại ngữ', '7.4']]
01000246,[['Toán', '7.6'], ['Văn', '9.25'], ['Sử', '7.75'], ['Địa', '7.75'], ['Ngoại ngữ', '9.4'], ['GDCD', '9.75']]
01000247,[['Toán', '7.8'], ['Văn', '8.25'], ['Sử', '5'], ['Địa', '7'], ['Ngoại ngữ', '8'], ['GDCD', '9']]
01000248,[['Toán', '8.4'], ['Lí', '5'], ['Hóa', '8.75'], ['Sinh', '6'], ['Văn', '8.5'], ['Ngoại ngữ', '8.8']]
01000249,[['Toán', '8.6'], ['Văn', '9.25'], ['Sử', '6.75'], ['Địa', '5.5'], ['Ngoại ngữ', '8.8'], ['GDCD', '7.25']]
01000250,[['Toán', '8.8'], ['Văn', '9'], ['Sử', '5.75'], ['Địa', '5.5'], ['Ngoại ngữ', '7.8'], ['GDCD', '9.25']]
01000251,[['Toán', '5.6'], ['Văn', '8.75'], ['Ngoại ngữ', '7']]
01000252,[['Toán', '7'], ['Văn', '8.25'], ['Ngoại ngữ', '8.6']]
01000253,[['Toán', '7.6'], ['Lí', '3.75'], ['Hóa', '8'], ['Sinh', '4.5'], ['Văn', '8.25'], ['Ngoại ngữ', '8.6']]
01000254,[['Toán', '8.8'], ['Lí', '6.75'], ['Hóa', '6.25'], ['Sinh', '5.25'], ['Văn', '8.25'], ['Ngoại ngữ', '6.4']]
01000255,[['Toán', '7.4'], ['Văn', '8.75'], ['Sử', '8'], ['Địa', '6.5'], ['Ngoại ngữ', '9.4'], ['GDCD', '9']]
01000256,[['Toán', '7.4'], ['Lí', '6.75'], ['Hóa', '4'], ['Sinh', '3.75'], ['Văn', '6.75'], ['Ngoại ngữ', '8.8']]
01000257,[['Toán', '3.8'], ['Văn', '5.5'], ['Sử', '4.5'], ['Địa', '4.5']]
01000258,[['Toán', '8.6'], ['Lí', '5.25'], ['Hóa', '8.5'], ['Sinh', '8'], ['Văn', '6.75'], ['Ngoại ngữ', '8.4']]
01000259,[['Toán', '7.2'], ['Lí', '5.75'], ['Hóa', '8.25'], ['Sinh', '6.5'], ['Văn', '8.25'], ['Ngoại ngữ', '8']]
01000260,[['Toán', '5.8'], ['Văn', '8.5'], ['Sử', '5.25'], ['Địa', '5'], ['Ngoại ngữ', '7'], ['GDCD', '7']]
01000261,[['Toán', '7.2'], ['Văn', '8.75'], ['Sử', '7.25'], ['Địa', '6'], ['Ngoại ngữ', '9'], ['GDCD', '8.25']]
01000262,[['Toán', '7'], ['Văn', '6.5'], ['Sử', '5'], ['Địa', '6.5'], ['Ngoại ngữ', '3.8'], ['GDCD', '9.25']]
01000263,[['Toán', '6.2'], ['Văn', '9.25'], ['Sử', '7.75'], ['Địa', '6.75'], ['Ngoại ngữ', '8'], ['GDCD', '9.5']]
01000264,[['Toán', '7.8'], ['Văn', '9'], ['Sử', '7.5'], ['Địa', '5.25'], ['Ngoại ngữ', '7.8'], ['GDCD', '8.25']]
01000265,[['Toán', '8'], ['Lí', '6.5'], ['Hóa', '7.75'], ['Sinh', '6.75'], ['Văn', '8.5'], ['Ngoại ngữ', '9']]
01000266,[['Toán', '6.6'], ['Văn', '8.25'], ['Sử', '6.75'], ['Địa', '7.5'], ['Ngoại ngữ', '4.2'], ['GDCD', '9.25']]
01000267,[['Toán', '7.2'], ['Văn', '7.25'], ['Sử', '5.75'], ['Địa', '6.5'], ['Ngoại ngữ', '3.8'], ['GDCD', '7.75']]
01000268,[['Văn', '7.25'], ['Sử', '6.5'], ['Địa', '6.25']]
01000269,[['Toán', '4.4'], ['Văn', '7.5'], ['Sử', '3.5'], ['Địa', '5.75']]
01000270,[['Văn', '9'], ['Sử', '9'], ['Địa', '6.5'], ['Ngoại ngữ', '6.4'], ['GDCD', '7']]
01000271,[['Toán', '4.8'], ['Văn', '8'], ['Sử', '5.25'], ['Địa', '6.25'], ['Ngoại ngữ', '5.4'], ['GDCD', '9.5']]
01000272,[['Toán', '4'], ['Văn', '7.25'], ['Sử', '8'], ['Địa', '7.5'], ['Ngoại ngữ', '3.2'], ['GDCD', '9.75']]
01000273,[['Toán', '6.4'], ['Văn', '8'], ['Sử', '6.5'], ['Địa', '6.25'], ['Ngoại ngữ', '8.2'], ['GDCD', '8.75']]
01000274,[['Toán', '8'], ['Văn', '9'], ['Sử', '6.5'], ['Địa', '6'], ['Ngoại ngữ', '9.2'], ['GDCD', '9.25']]
01000275,[['Toán', '7.8'], ['Văn', '8.25'], ['Sử', '5.5'], ['Địa', '7.5'], ['Ngoại ngữ', '8'], ['GDCD', '7.5']]
01000276,[['Toán', '7.8'], ['Lí', '4'], ['Hóa', '7.5'], ['Sinh', '8.5'], ['Văn', '7.25']]
01000277,[['Toán', '7.4'], ['Lí', '5'], ['Hóa', '7.25'], ['Sinh', '5.5'], ['Văn', '6'], ['Ngoại ngữ', '8']]
01000278,[['Toán', '7.4'], ['Văn', '9.25'], ['Sử', '7'], ['Địa', '7.25'], ['Ngoại ngữ', '8.8'], ['GDCD', '9']]
01000279,[['Toán', '8.6'], ['Văn', '9.5'], ['Sử', '5.25'], ['Địa', '5'], ['Ngoại ngữ', '9.4'], ['GDCD', '8.5']]
01000280,[['Toán', '7.4'], ['Văn', '7.25'], ['Sử', '6.75'], ['Địa', '5.5'], ['Ngoại ngữ', '8.8'], ['GDCD', '9.25']]
01000281,[['Toán', '5.6'], ['Văn', '7'], ['Sử', '7'], ['Địa', '7.25']]
01000282,[['Toán', '6.2'], ['Văn', '8.25'], ['Sử', '5'], ['Địa', '6.75'], ['Ngoại ngữ', '8.6'], ['GDCD', '7.5']]
01000283,[['Văn', '8'], ['Sử', '9.25'], ['Địa', '8.25']]
01000284,[['Toán', '6.8'], ['Văn', '8.5'], ['Sử', '4.75'], ['Địa', '5.5'], ['Ngoại ngữ', '7.8'], ['GDCD', '6.75']]
01000285,[['Văn', '8.25'], ['Sử', '9'], ['Địa', '8.5']]
01000286,[['Toán', '6.6'], ['Văn', '8.5'], ['Sử', '7'], ['Địa', '6.75'], ['Ngoại ngữ', '8.4'], ['GDCD', '8.5']]
01000287,[['Toán', '8.2'], ['Văn', '8'], ['Sử', '6.75'], ['Địa', '5.75'], ['Ngoại ngữ', '9.2'], ['GDCD', '8.25']]
01000288,[['Toán', '8.8'], ['Lí', '8.75'], ['Hóa', '8'], ['Sinh', '6.25'], ['Văn', '7.5'], ['Ngoại ngữ', '8.2']]
01000289,[['Toán', '8.8'], ['Lí', '8.75'], ['Hóa', '5'], ['Sinh', '5.25'], ['Văn', '6.5'], ['Ngoại ngữ', '8.4']]
01000290,[['Toán', '7.6'], ['Lí', '8.75'], ['Hóa', '3.5'], ['Sinh', '7'], ['Văn', '6.25'], ['Ngoại ngữ', '9.6']]
01000291,[['Toán', '7.6'], ['Văn', '8.5'], ['Sử', '8.75'], ['Địa', '6.75'], ['Ngoại ngữ', '9.2'], ['GDCD', '9.5']]
01000292,[['Toán', '6.2'], ['Văn', '5.75'], ['Sử', '6'], ['Địa', '5'], ['Ngoại ngữ', '4'], ['GDCD', '6.75']]
01000293,[['Toán', '5'], ['Văn', '6.75'], ['Ngoại ngữ', '5.4']]
01000294,[['Toán', '7.2'], ['Văn', '8.25'], ['Sử', '6.25'], ['Địa', '7.75'], ['Ngoại ngữ', '8.8'], ['GDCD', '7.75']]
01000295,[['Toán', '8.4'], ['Lí', '8.5'], ['Hóa', '6'], ['Sinh', '6'], ['Văn', '7.25'], ['Ngoại ngữ', '9']]
01000296,[['Toán', '8.4'], ['Văn', '8.75'], ['Sử', '9'], ['Địa', '5.75'], ['Ngoại ngữ', '9.4'], ['GDCD', '10']]
01000297,[['Toán', '6.6'], ['Văn', '8'], ['Sử', '6'], ['Địa', '6.75'], ['GDCD', '7.75']]
01000298,[['Toán', '7.6'], ['Văn', '8'], ['Sử', '5.75'], ['Địa', '6'], ['Ngoại ngữ', '6.6'], ['GDCD', '10']]
01000299,[['Toán', '6.8'], ['Văn', '7.75'], ['Sử', '6'], ['Địa', '6.25'], ['Ngoại ngữ', '8.6'], ['GDCD', '8.75']]
01000300,[['Toán', '8.4'], ['Văn', '9'], ['Sử', '4.75'], ['Địa', '4.75'], ['Ngoại ngữ', '8.4'], ['GDCD', '8']]
01000301,[['Toán', '8.6'], ['Lí', '8.5'], ['Hóa', '4.5'], ['Sinh', '3.5'], ['Văn', '7.5'], ['Ngoại ngữ', '8.6']]
01000302,[['Toán', '8.6'], ['Văn', '9'], ['Sử', '7.75'], ['Địa', '7.5'], ['Ngoại ngữ', '9.2'], ['GDCD', '7.5']]
01000303,[['Toán', '6'], ['Văn', '8.25'], ['Sử', '5'], ['Địa', '7'], ['Ngoại ngữ', '8.2'], ['GDCD', '8.5']]
01000304,[['Toán', '8'], ['Văn', '9'], ['Sử', '6.75'], ['Địa', '7'], ['Ngoại ngữ', '7'], ['GDCD', '7.75']]
01000305,[['Toán', '8'], ['Lí', '8.25'], ['Hóa', '5.5'], ['Sinh', '6.75'], ['Văn', '8'], ['Ngoại ngữ', '9']]
01000306,[['Toán', '8.8'], ['Văn', '9'], ['Sử', '6'], ['Địa', '6.75'], ['Ngoại ngữ', '8'], ['GDCD', '9.75']]
01000307,[['Toán', '8.4'], ['Văn', '8'], ['Sử', '5.5'], ['Địa', '6'], ['Ngoại ngữ', '7.6'], ['GDCD', '8.5']]
01000308,[['Toán', '2.6'], ['Văn', '7.5'], ['Sử', '4.75'], ['Địa', '5.25']]
01000309,[['Toán', '8.2'], ['Lí', '7.5'], ['Hóa', '5.75'], ['Sinh', '4.5'], ['Văn', '8.5'], ['Ngoại ngữ', '8.4']]
01000310,[['Toán', '7.2'], ['Văn', '9'], ['Sử', '5.75'], ['Địa', '6'], ['Ngoại ngữ', '9.2'], ['GDCD', '8.25']]
01000311,[['Toán', '7.6'], ['Văn', '8'], ['Sử', '6'], ['Địa', '5.75'], ['Ngoại ngữ', '6.8'], ['GDCD', '8.25']]
01000312,[['Toán', '4'], ['Văn', '8'], ['Sử', '5.25'], ['Địa', '5.25'], ['Ngoại ngữ', '5.2'], ['GDCD', '6.75']]
01000313,[['Toán', '8.6'], ['Lí', '3'], ['Hóa', '9'], ['Sinh', '4.5'], ['Văn', '8'], ['Ngoại ngữ', '8.4']]
01000314,[['Toán', '7.6'], ['Văn', '5'], ['Sử', '7.75'], ['Địa', '6.75'], ['Ngoại ngữ', '6.8'], ['GDCD', '8']]
01000315,[['Toán', '7.6'], ['Văn', '8.5'], ['Sử', '6.25'], ['Địa', '7'], ['Ngoại ngữ', '7.6'], ['GDCD', '9']]
01000316,[['Toán', '7'], ['Văn', '8.75'], ['Sử', '5.25'], ['Địa', '5'], ['Ngoại ngữ', '8'], ['GDCD', '7']]
01000317,[['Toán', '8.6'], ['Văn', '8.5'], ['Sử', '4.25'], ['Địa', '3.25'], ['Ngoại ngữ', '8.2'], ['GDCD', '7.75']]
01000318,[['Toán', '8.4'], ['Văn', '8.5'], ['Sử', '7'], ['Địa', '7.5'], ['GDCD', '9.25']]
01000319,[['Toán', '7'], ['Văn', '8'], ['Sử', '5.5'], ['Địa', '6.5'], ['Ngoại ngữ', '5.4'], ['GDCD', '8.25']]
01000320,[['Toán', '8.2'], ['Văn', '8.5'], ['Sử', '7'], ['Địa', '6.5'], ['Ngoại ngữ', '9.4'], ['GDCD', '9.25']]
01000321,[['Toán', '4.6'], ['Văn', '7.5'], ['Sử', '5'], ['Địa', '4.75'], ['Ngoại ngữ', '2.8'], ['GDCD', '7.5']]
01000322,[['Toán', '7.8'], ['Văn', '8.5'], ['Sử', '6.75'], ['Địa', '7.25'], ['Ngoại ngữ', '8.4'], ['GDCD', '8']]
01000323,[['Toán', '4.6'], ['Văn', '6.25'], ['Sử', '3.5'], ['Địa', '5.5']]
01000324,[['Toán', '7.2'], ['Văn', '9'], ['Sử', '6.25'], ['Địa', '7.75'], ['Ngoại ngữ', '9.4'], ['GDCD', '9']]
01000325,[['Toán', '8'], ['Văn', '9'], ['Sử', '5.5'], ['Địa', '5.75'], ['Ngoại ngữ', '7'], ['GDCD', '8.75']]
01000326,[['Toán', '8.4'], ['Văn', '8'], ['Sử', '3.5'], ['Địa', '9'], ['Ngoại ngữ', '9.4'], ['GDCD', '8.75']]
01000327,[['Toán', '6.4'], ['Văn', '8.5'], ['Sử', '6.25'], ['Địa', '6.25'], ['Ngoại ngữ', '8.2'], ['GDCD', '8']]
01000328,[['Toán', '8.4'], ['Lí', '8.5'], ['Hóa', '7.75'], ['Sinh', '6'], ['Văn', '7.25'], ['Ngoại ngữ', '8.2']]
01000329,[['Toán', '7.2'], ['Lí', '6.5'], ['Hóa', '5.25'], ['Sinh', '6.25'], ['Văn', '7'], ['Ngoại ngữ', '8.6']]
01000330,[['Toán', '1.2'], ['Văn', '5.75'], ['Sử', '6.25'], ['Địa', '5.5']]
01000331,[['Toán', '8'], ['Lí', '6.75'], ['Hóa', '7.25'], ['Sinh', '7.75'], ['Văn', '8'], ['Ngoại ngữ', '9.4']]
01000332,[['Toán', '8.4'], ['Văn', '8.25'], ['Sử', '6'], ['Địa', '6'], ['Ngoại ngữ', '8.4'], ['GDCD', '9.5']]
01000333,[['Văn', '8.25'], ['Sử', '8.75'], ['Địa', '7.25']]
01000334,[['Toán', '7'], ['Văn', '9.25'], ['Sử', '7.75'], ['Địa', '7.75'], ['Ngoại ngữ', '8.6'], ['GDCD', '9.75']]
01000335,[['Toán', '5.4'], ['Văn', '6.5'], ['Sử', '7.75'], ['Địa', '6'], ['Ngoại ngữ', '4.2'], ['GDCD', '8.75']]
01000336,[['Văn', '7.25'], ['Sử', '8.25'], ['Địa', '8.25']]
01000337,[['Văn', '4.5'], ['Sử', '5.25'], ['Địa', '6']]
01000338,[['Toán', '5.8'], ['Văn', '8.5'], ['Sử', '4.25'], ['Địa', '4.75'], ['Ngoại ngữ', '5.8']]
01000339,[['Toán', '7.6'], ['Văn', '8.75'], ['Sử', '6.5'], ['Địa', '6'], ['Ngoại ngữ', '8.8'], ['GDCD', '7.25']]
01000340,[['Toán', '8'], ['Văn', '8.75'], ['Sử', '7'], ['Địa', '6.75'], ['Ngoại ngữ', '9'], ['GDCD', '9.75']]
01000341,[['Toán', '6'], ['Văn', '9.25'], ['Sử', '6.5'], ['Địa', '6.5'], ['Ngoại ngữ', '9.2'], ['GDCD', '8.25']]
01000342,[['Toán', '7.8'], ['Văn', '9.25'], ['Sử', '6.25'], ['Địa', '8'], ['Ngoại ngữ', '7.2'], ['GDCD', '9.5']]
01000343,[['Toán', '6.4'], ['Văn', '7.5'], ['Sử', '6.5'], ['Địa', '6.5'], ['Ngoại ngữ', '6.8'], ['GDCD', '8.25']]
01000344,[['Toán', '8.4'], ['Văn', '8.5'], ['Sử', '7.25'], ['Địa', '6.5'], ['Ngoại ngữ', '9'], ['GDCD', '8.75']]
01000345,[['Toán', '8'], ['Văn', '9.5'], ['Sử', '6.25'], ['Địa', '7.5'], ['Ngoại ngữ', '9'], ['GDCD', '9']]
01000346,[]
01000347,[['Toán', '4.6'], ['Văn', '8'], ['Sử', '5.5'], ['Địa', '5.25'], ['Ngoại ngữ', '7.6'], ['GDCD', '9']]
01000348,[['Toán', '9'], ['Văn', '9'], ['Sử', '7.25'], ['Địa', '6.5'], ['Ngoại ngữ', '9'], ['GDCD', '8.25']]
01000349,[['Toán', '8.4'], ['Lí', '7.75'], ['Hóa', '5.5'], ['Sinh', '4.5'], ['Văn', '6.25'], ['Ngoại ngữ', '8.6']]
01000350,[['Toán', '7.4'], ['Văn', '9'], ['Sử', '6.5'], ['Địa', '8'], ['Ngoại ngữ', '9.4'], ['GDCD', '9.75']]
01000351,[['Toán', '5'], ['Văn', '4.25'], ['Sử', '2.5'], ['Địa', '6']]
01000352,[['Toán', '8.8'], ['Văn', '9'], ['Sử', '8.25'], ['Địa', '7.25'], ['Ngoại ngữ', '9.6'], ['GDCD', '9.5']]
01000353,[['Toán', '8.8'], ['Văn', '8.5'], ['Sử', '7.75'], ['Địa', '6.5'], ['Ngoại ngữ', '8.8'], ['GDCD', '9.5']]
01000354,[['Toán', '4.4'], ['Văn', '6.25'], ['Sử', '6.25'], ['Địa', '7.25']]
01000355,[['Toán', '7'], ['Văn', '8.25'], ['Sử', '7'], ['Địa', '6'], ['Ngoại ngữ', '8.2'], ['GDCD', '8']]
01000356,[['Toán', '6.6'], ['Văn', '8.5'], ['Sử', '6.75'], ['Địa', '6'], ['Ngoại ngữ', '9.2'], ['GDCD', '8.25']]
01000357,[['Toán', '5.2'], ['Văn', '8'], ['Sử', '7.75'], ['Địa', '6'], ['Ngoại ngữ', '6.6'], ['GDCD', '8.75']]
01000358,[['Toán', '7.8'], ['Lí', '8'], ['Hóa', '6.25'], ['Sinh', '6'], ['Văn', '7.75'], ['Ngoại ngữ', '8.8']]
01000359,[['Toán', '8.2'], ['Văn', '8.75'], ['Sử', '6.5'], ['Địa', '5.75'], ['Ngoại ngữ', '8.4'], ['GDCD', '8']]
01000360,[['Toán', '8'], ['Văn', '9'], ['Sử', '7.25'], ['Địa', '8.25'], ['Ngoại ngữ', '9.4'], ['GDCD', '8.75']]
01000361,[['Toán', '7.6'], ['Văn', '8.75'], ['Sử', '3'], ['Địa', '6.25'], ['Ngoại ngữ', '8'], ['GDCD', '7.75']]
01000362,[]
01000363,[['Toán', '7.2'], ['Văn', '8.75'], ['Sử', '4.75'], ['Địa', '5.25'], ['Ngoại ngữ', '8.6'], ['GDCD', '7.25']]
01000364,[['Toán', '8.2'], ['Lí', '6.5'], ['Hóa', '6.75'], ['Sinh', '6.5'], ['Văn', '7.75'], ['Ngoại ngữ', '7.2']]
01000365,[['Toán', '8'], ['Lí', '7.75'], ['Ngoại ngữ', '9']]
01000366,[['Toán', '5.6'], ['Văn', '6.75'], ['Sử', '6.25'], ['Địa', '5'], ['Ngoại ngữ', '7.2'], ['GDCD', '7']]
01000367,[['Toán', '8'], ['Văn', '7'], ['Sử', '5.75'], ['Địa', '6.5'], ['Ngoại ngữ', '8.4'], ['GDCD', '8.75']]
01000368,[['Văn', '6.25'], ['Sử', '5.25'], ['Địa', '5.75']]
01000369,[['Văn', '6.75'], ['Sử', '6'], ['Địa', '6.5']]
01000370,[['Văn', '7.5'], ['Sử', '8.5'], ['Địa', '7']]
01000371,[['Toán', '7.8'], ['Lí', '4.5'], ['Hóa', '5'], ['Sinh', '5.25'], ['Văn', '7.5'], ['Ngoại ngữ', '8.8']]
01000372,[['Toán', '7.4'], ['Lí', '6'], ['Hóa', '7.75'], ['Sinh', '5.5'], ['Văn', '5.75'], ['Ngoại ngữ', '8.4']]
01000373,[['Toán', '7.8'], ['Lí', '5.5'], ['Hóa', '8.25'], ['Sinh', '6'], ['Văn', '8.25'], ['Ngoại ngữ', '9.6']]
01000374,[['Toán', '7'], ['Lí', '6.25'], ['Hóa', '5.25'], ['Sinh', '7.25'], ['Văn', '7'], ['Ngoại ngữ', '9']]
01000375,[['Toán', '7.8'], ['Lí', '6'], ['Hóa', '6.75'], ['Sinh', '6'], ['Văn', '5.5'], ['Ngoại ngữ', '7.4']]
01000376,[['Toán', '7.8'], ['Lí', '3.75'], ['Hóa', '8.5'], ['Sinh', '4.75'], ['Văn', '5.25'], ['Ngoại ngữ', '8.8']]
01000377,[['Toán', '7.4'], ['Lí', '3.75'], ['Hóa', '7.25'], ['Sinh', '7.5'], ['Văn', '6.75'], ['Ngoại ngữ', '8']]
01000378,[['Toán', '8.6'], ['Lí', '8.25'], ['Hóa', '8'], ['Sinh', '6.5'], ['Văn', '6'], ['Ngoại ngữ', '7.4']]
01000379,[['Văn', '4.5'], ['Sử', '5.25'], ['Địa', '5.5']]
01000380,[['Toán', '6.8'], ['Lí', '5.75'], ['Hóa', '5'], ['Sinh', '4'], ['Văn', '5'], ['Ngoại ngữ', '4.8']]
01000381,[['Toán', '6.6'], ['Lí', '4.75'], ['Hóa', '5.5'], ['Sinh', '6.75'], ['Văn', '7.25'], ['Ngoại ngữ', '5.2']]
01000382,[['Văn', '7'], ['Sử', '6.75'], ['Địa', '6.5']]
01000383,[['Toán', '8'], ['Lí', '7.75'], ['Hóa', '7.5'], ['Sinh', '5.75'], ['Văn', '6.75'], ['Ngoại ngữ', '6']]
01000384,[['Toán', '4'], ['Văn', '5'], ['Sử', '5.5'], ['Địa', '6.5']]
01000385,[['Toán', '2.4'], ['Văn', '4.75'], ['Sử', '3.5'], ['Địa', '5']]
01000386,[['Văn', '6'], ['Sử', '5.25'], ['Địa', '5.75']]
01000387,[['Toán', '4.4'], ['Văn', '7'], ['Sử', '4.75'], ['Địa', '5.75']]
01000388,[['Toán', '3.4'], ['Văn', '6.25'], ['Sử', '4.75'], ['Địa', '4.5']]
01000389,[['Văn', '6.75'], ['Sử', '8'], ['Địa', '6.75']]
01000390,[['Toán', '5.8'], ['Văn', '7'], ['Sử', '5'], ['Địa', '4']]
01000391,[['Toán', '5'], ['Văn', '7.5'], ['Sử', '6.75'], ['Địa', '5.5'], ['Ngoại ngữ', '8'], ['GDCD', '7']]
01000392,[['Văn', '7'], ['Sử', '4.5'], ['Địa', '4.5']]
01000393,[['Toán', '4.4'], ['Văn', '8'], ['Sử', '4'], ['Địa', '4.75']]
01000394,[['Văn', '6.25'], ['Sử', '9.25'], ['Địa', '7.5']]
01000395,[['Văn', '7'], ['Sử', '8.5'], ['Địa', '7']]
01000396,[['Toán', '4.6'], ['Văn', '7'], ['Sử', '6'], ['Địa', '7.25']]
01000397,[['Toán', '1.8'], ['Văn', '5'], ['Sử', '4'], ['Địa', '4.5']]
01000398,[['Văn', '9.25'], ['Sử', '9'], ['Địa', '8.5'], ['Ngoại ngữ', '8.6'], ['GDCD', '9']]
01000399,[['Toán', '5'], ['Văn', '7'], ['Sử', '5.5'], ['Địa', '6']]
01000400,[['Văn', '3.75'], ['Sử', '4.5'], ['Địa', '7']]
01000401,[['Văn', '5.75'], ['Sử', '6'], ['Địa', '6']]
01000402,[['Văn', '6'], ['Sử', '5.75'], ['Địa', '5.25']]
01000403,[['Toán', '3.2'], ['Văn', '3.5'], ['Sử', '4'], ['Địa', '5.5']]
01000404,[['Toán', '5.8'], ['Văn', '5.5'], ['Sử', '5'], ['Địa', '5']]
01000405,[['Văn', '5.5'], ['Sử', '6'], ['Địa', '7.25']]
01000406,[['Văn', '4.75'], ['Sử', '2.5'], ['Địa', '2.75']]
01000407,[['Toán', '3.4'], ['Văn', '7.25'], ['Sử', '5.5'], ['Địa', '6']]
01000408,[['Văn', '7.75'], ['Sử', '8.75'], ['Địa', '8.75']]
01000409,[['Văn', '7.75'], ['Sử', '9.25'], ['Địa', '8']]
01000410,[['Toán', '4.4'], ['Văn', '7.75'], ['Sử', '6.5'], ['Địa', '5.5']]
01000411,[['Toán', '3'], ['Văn', '3.25'], ['Sử', '3.75'], ['Địa', '4.5']]
01000412,[['Toán', '4.4'], ['Văn', '7.25'], ['Sử', '7'], ['Địa', '5.75']]
01000413,[['Văn', '7'], ['Sử', '4.25'], ['Địa', '5.5']]
01000414,[['Toán', '3.8'], ['Văn', '5'], ['Sử', '4'], ['Địa', '6.75']]
01000415,[['Văn', '6'], ['Sử', '2'], ['Địa', '5.75']]
01000416,[['Toán', '2'], ['Văn', '3.75'], ['Sử', '4.25'], ['Địa', '4.25']]
01000417,[['Toán', '2'], ['Văn', '3.75'], ['Sử', '5'], ['Địa', '4.5']]
01000418,[['Văn', '4'], ['Sử', '3.25'], ['Địa', '5']]
01000419,[['Văn', '4.75'], ['Sử', '6.5'], ['Địa', '6.5']]
01000420,[['Văn', '7'], ['Sử', '3.75'], ['Địa', '5.75']]
01000421,[['Toán', '7.4'], ['Lí', '4.25'], ['Văn', '7.25'], ['Ngoại ngữ', '7']]
01000422,[['Toán', '3.6'], ['Văn', '7'], ['Sử', '3.75'], ['Địa', '4.5']]
01000423,[['Văn', '8'], ['Sử', '9.75'], ['Địa', '9.25']]
01000424,[['Toán', '6.4'], ['Văn', '7.25'], ['Sử', '2.5'], ['Địa', '6.5']]
01000425,[['Toán', '6.4'], ['Văn', '7.75'], ['Sử', '5.75'], ['Địa', '5.75']]
01000426,[['Toán', '3.4'], ['Văn', '5.75'], ['Sử', '4.75'], ['Địa', '5.25']]
01000427,[['Toán', '8'], ['Lí', '4.75'], ['Ngoại ngữ', '6.6']]
01000428,[['Văn', '5.75'], ['Sử', '9'], ['Địa', '7.25']]
01000429,[['Văn', '6.75'], ['Sử', '9.5'], ['Địa', '7']]
01000430,[['Toán', '2.6'], ['Văn', '3'], ['Sử', '4.5'], ['Địa', '3.75']]
01000431,[['Văn', '4.5'], ['Sử', '5.25'], ['Địa', '4.75']]
01000432,[['Văn', '5'], ['Sử', '5'], ['Địa', '7.25']]
01000433,[['Toán', '3.6'], ['Văn', '4.75'], ['Sử', '3'], ['Địa', '3.75']]
01000434,[['Văn', '8.25'], ['Sử', '9.5'], ['Địa', '7.75']]
01000435,[['Toán', '5.8'], ['Văn', '6'], ['Sử', '3.75'], ['Địa', '5.5']]
01000436,[['Văn', '8.75'], ['Sử', '8.5'], ['Địa', '8.5']]
01000437,[['Toán', '1.6'], ['Văn', '5.5'], ['Sử', '3'], ['Địa', '4.25']]
01000438,[['Toán', '1.8'], ['Văn', '6.25'], ['Sử', '2'], ['Địa', '4.25']]
01000439,[['Văn', '7.25'], ['Sử', '6.75'], ['Địa', '5.25']]
01000440,[['Toán', '4.2'], ['Văn', '6'], ['Sử', '4.5'], ['Địa', '5']]
01000441,[['Văn', '5.25'], ['Sử', '6'], ['Địa', '6.25']]
01000442,[['Văn', '8'], ['Sử', '6.5'], ['Địa', '5.25']]
01000443,[['Văn', '5.75'], ['Sử', '6.25'], ['Địa', '6.5']]
01000444,[['Văn', '6.5'], ['Sử', '6.75'], ['Địa', '3.75']]
01000445,[['Toán', '4.6'], ['Văn', '7.25'], ['Sử', '6.75'], ['Địa', '7']]
01000446,[['Văn', '6.25'], ['Sử', '4.25'], ['Địa', '5.75']]
01000447,[['Toán', '3.2'], ['Văn', '7.5'], ['Sử', '5.25'], ['Địa', '4.5']]
01000448,[['Văn', '7'], ['Sử', '6.75'], ['Địa', '5.75']]
01000449,[['Toán', '3'], ['Văn', '5.5'], ['Sử', '6.5'], ['Địa', '6.25']]
01000450,[['Toán', '7'], ['Văn', '1.75'], ['Ngoại ngữ', '10']]
01000451,[['Toán', '3.2'], ['Văn', '5'], ['Sử', '2.5'], ['Địa', '5.5']]
01000452,[['Văn', '7'], ['Sử', '5.75'], ['Địa', '4.5']]
01000453,[['Toán', '6.4'], ['Lí', '6.25'], ['Ngoại ngữ', '5.8']]
01000454,[['Văn', '7'], ['Sử', '9.5'], ['Địa', '8.75']]
01000455,[['Văn', '5.5'], ['Sử', '3.75'], ['Địa', '5.75']]
01000456,[['Toán', '2.2'], ['Văn', '4'], ['Sử', '7.25'], ['Địa', '4.75']]
01000457,[['Toán', '1.8'], ['Văn', '6.5'], ['Sử', '6.5'], ['Địa', '3']]
01000458,[['Toán', '7'], ['Văn', '7.5'], ['Sử', '9'], ['Địa', '9']]
01000459,[['Toán', '1.8'], ['Văn', '5.25'], ['Sử', '2.75'], ['Địa', '3.75']]
01000460,[['Toán', '7.6'], ['Văn', '8.5'], ['Sử', '9'], ['Địa', '8.25']]
01000461,[['Văn', '6'], ['Sử', '9'], ['Địa', '7.5']]
01000462,[['Toán', '6.4'], ['Văn', '7.25'], ['Sử', '9.5'], ['Địa', '6.5']]
01000463,[['Toán', '1.8'], ['Lí', '1.25'], ['Ngoại ngữ', '2']]
01000464,[['Toán', '7.4'], ['Văn', '8.25'], ['Ngoại ngữ', '8.6']]
01000465,[['Văn', '9'], ['Sử', '9'], ['Địa', '8.75']]
01000466,[['Văn', '6.5'], ['Sử', '5.5'], ['Địa', '4.25']]
01000467,[['Toán', '7.8'], ['Lí', '9'], ['Hóa', '1.5'], ['Sinh', '2.5'], ['Ngoại ngữ', '9.2']]
01000468,[['Văn', '8.25'], ['Sử', '8'], ['Địa', '8.25']]
01000469,[['Toán', '2'], ['Văn', '3.75'], ['Sử', '4'], ['Địa', '4.75']]
01000470,[['Văn', '4.75'], ['Sử', '6.75'], ['Địa', '5.5']]
01000471,[['Toán', '1.4'], ['Văn', '5.25'], ['Sử', '5'], ['Địa', '6.25']]
01000472,[['Văn', '8.75'], ['Sử', '9.25'], ['Địa', '7.5']]
01000473,[['Văn', '7'], ['Sử', '5.5'], ['Địa', '4.75']]
01000474,[['Văn', '4.25'], ['Sử', '4.5'], ['Địa', '4.25']]
01000475,[['Văn', '3'], ['Sử', '3.5'], ['Địa', '4.5']]
01000476,[['Văn', '6.75'], ['Sử', '7.75'], ['Địa', '6.25']]
01000477,[['Toán', '2.2'], ['Văn', '6.25'], ['Sử', '3.75'], ['Địa', '4.25']]
01000478,[['Toán', '4.2'], ['Văn', '6'], ['Sử', '5.25'], ['Địa', '5.75']]
01000479,[['Toán', '3'], ['Văn', '5.5'], ['Sử', '6'], ['Địa', '3.75']]
01000480,[['Toán', '7'], ['Văn', '8.5'], ['Ngoại ngữ', '7.2']]
01000481,[['Toán', '2.6'], ['Văn', '5.5'], ['Sử', '3.75'], ['Địa', '4.75']]
01000482,[['Toán', '7.2'], ['Văn', '7.25'], ['Ngoại ngữ', '8.4']]
01000483,[['Toán', '4.6'], ['Văn', '6.5'], ['Sử', '8.75'], ['Địa', '6']]
01000484,[['Văn', '8'], ['Sử', '8.75'], ['Địa', '8.5']]
01000485,[['Toán', '2.6'], ['Văn', '2.75'], ['Sử', '6'], ['Địa', '5.25']]
01000486,[['Toán', '7'], ['Lí', '5.75'], ['Ngoại ngữ', '7.6']]
01000487,[['Toán', '2.2'], ['Văn', '7.5'], ['Sử', '5'], ['Địa', '5']]
01000488,[['Văn', '5.5'], ['Sử', '7.75'], ['Địa', '5.25']]
01000489,[['Toán', '3.2'], ['Văn', '7'], ['Sử', '5'], ['Địa', '5.25']]
01000490,[['Toán', '3.2'], ['Văn', '6.75'], ['Sử', '5.25'], ['Địa', '5.25']]
01000491,[['Văn', '7.5'], ['Sử', '7.75'], ['Địa', '6.75']]
01000492,[['Toán', '7.8'], ['Lí', '3.5'], ['Hóa', '4.25'], ['Ngoại ngữ', '5.6']]
01000493,[['Văn', '8.5'], ['Sử', '9.75'], ['Địa', '9']]
01000494,[['Văn', '7.5'], ['Sử', '7.75'], ['Địa', '6.25']]
01000495,[['Toán', '7.2'], ['Văn', '7'], ['Sử', '4.75'], ['Địa', '4.5'], ['Ngoại ngữ', '4.4'], ['GDCD', '6.75']]
01000496,[['Toán', '2'], ['Văn', '6.75'], ['Sử', '6.25'], ['Địa', '6.5']]
01000497,[['Văn', '8.5'], ['Sử', '8'], ['Địa', '6.25']]
01000498,[['Văn', '7.25'], ['Sử', '6'], ['Địa', '5.25']]
01000499,[['Toán', '6.6'], ['Văn', '8.25'], ['Sử', '6.5'], ['Địa', '6.75']]
01000500,[['Toán', '3.4'], ['Văn', '8'], ['Sử', '4.25'], ['Địa', '6']]
01000501,[['Toán', '2.4'], ['Văn', '5.5'], ['Sử', '4.25'], ['Địa', '5']]
01000502,[['Toán', '2.2'], ['Văn', '6.5'], ['Sử', '7.25'], ['Địa', '5.25']]
01000503,[['Toán', '8'], ['Lí', '5.25'], ['Hóa', '3.75'], ['Sinh', '5.5']]
01000504,[['Văn', '7.25'], ['Sử', '6'], ['Địa', '6']]
01000505,[['Toán', '7.2'], ['Lí', '8.75'], ['Hóa', '8.5'], ['Sinh', '2.25'], ['Ngoại ngữ', '9']]
01000506,[['Văn', '6.75'], ['Sử', '4.5'], ['Địa', '4.75']]
01000507,[['Toán', '2.8'], ['Văn', '6'], ['Sử', '4'], ['Địa', '4']]
01000508,[['Toán', '7.4'], ['Văn', '9.25'], ['Ngoại ngữ', '9']]
01000509,[]
01000510,[['Toán', '5.4'], ['Văn', '5.75'], ['Sử', '5.25'], ['Địa', '6.25']]
01000511,[['Toán', '7.4'], ['Văn', '6.25'], ['Sử', '8.75'], ['Địa', '7.5']]
01000512,[['Toán', '1.2'], ['Văn', '3.75'], ['Sử', '4.75'], ['Địa', '3']]
01000513,[['Toán', '2.6'], ['Văn', '5.75'], ['Sử', '4.5'], ['Địa', '6.25']]
01000514,[['Toán', '4.4'], ['Văn', '6.5'], ['Sử', '7.25'], ['Địa', '6']]
01000515,[['Toán', '2.8'], ['Văn', '5.5'], ['Sử', '4.25'], ['Địa', '4.5']]
01000516,[['Văn', '6.5'], ['Sử', '5.75'], ['Địa', '6.75'], ['Ngoại ngữ', '3.6']]
01000517,[['Toán', '5.2'], ['Văn', '5.75'], ['Sử', '5.75'], ['Địa', '6.5']]
01000518,[['Toán', '4.2'], ['Văn', '6'], ['Sử', '2.75'], ['Địa', '3.75']]
01000519,[['Toán', '8.6'], ['Văn', '9.25'], ['Ngoại ngữ', '9.8']]
01000520,[['Toán', '3.4'], ['Văn', '6.75'], ['Sử', '6.25'], ['Địa', '4.5']]
01000521,[['Toán', '3.4'], ['Văn', '3.25'], ['Sử', '3.75'], ['Địa', '4']]
01000522,[['Toán', '2.6'], ['Văn', '5'], ['Sử', '4.75'], ['Địa', '6.25']]
01000523,[['Toán', '6.2'], ['Văn', '8.5'], ['Sử', '6.25'], ['Địa', '5.75']]
01000524,[['Toán', '7'], ['Văn', '9'], ['Sử', '8.5'], ['Địa', '6.25']]
01000525,[['Toán', '2.2'], ['Văn', '3.5'], ['Sử', '2.25'], ['Địa', '4']]
01000526,[['Toán', '6.4'], ['Văn', '3.5'], ['Ngoại ngữ', '8.4']]
01000527,[['Toán', '7.4'], ['Văn', '7.5'], ['Sử', '6.75'], ['Địa', '6']]
01000528,[['Toán', '5.4'], ['Văn', '6.5'], ['Sử', '5.5'], ['Địa', '4.5']]
01000529,[['Toán', '6'], ['Văn', '5'], ['Sử', '5'], ['Địa', '5.25'], ['Ngoại ngữ', '7.4']]
01000530,[['Toán', '7.8'], ['Lí', '4.5'], ['Hóa', '4'], ['Sinh', '4.5'], ['Văn', '8.5'], ['Ngoại ngữ', '7.2']]
01000531,[['Toán', '3.8'], ['Văn', '6'], ['Sử', '4.75'], ['Địa', '4.75']]
01000532,[['Toán', '1.2'], ['Văn', '3.75'], ['Sử', '4'], ['Địa', '3.25']]
01000533,[['Toán', '3'], ['Văn', '6.75'], ['Sử', '7.5'], ['Địa', '5.25']]
01000534,[['Toán', '3.4'], ['Văn', '4'], ['Sử', '2.5'], ['Địa', '3.75']]
01000535,[['Toán', '7.6'], ['Văn', '6.75'], ['Ngoại ngữ', '8.2']]
01000536,[['Toán', '5.2'], ['Văn', '6'], ['Sử', '5.25'], ['Địa', '4.75']]
01000537,[['Toán', '5.2'], ['Văn', '7.25'], ['Ngoại ngữ', '6.4']]
01000538,[['Toán', '2'], ['Văn', '6.25'], ['Sử', '5.25'], ['Địa', '5.5']]
01000539,[['Toán', '2.6'], ['Văn', '7.25'], ['Sử', '4'], ['Địa', '4.25']]
01000540,[['Toán', '3.6'], ['Văn', '3.75'], ['Sử', '7.5'], ['Địa', '5.25']]
01000541,[['Toán', '2.8'], ['Văn', '4.75'], ['Sử', '6.25'], ['Địa', '4.5']]
01000542,[['Văn', '8.5']]
01000543,[['Toán', '5.6'], ['Văn', '5.75'], ['Sử', '6'], ['Địa', '6.5']]
01000544,[['Toán', '8.6'], ['Lí', '8.25'], ['Hóa', '2.75'], ['Sinh', '5.25'], ['Ngoại ngữ', '8.2']]
01000545,[['Toán', '8.4'], ['Văn', '8'], ['Ngoại ngữ', '9.2']]
01000546,[['Toán', '2.8'], ['Văn', '5.5'], ['Sử', '5'], ['Địa', '5.75']]
01000547,[['Toán', '3.2'], ['Văn', '5.5'], ['Sử', '4'], ['Địa', '6.25']]
01000548,[['Toán', '7.4'], ['Văn', '7.75'], ['Sử', '6'], ['Địa', '6.75'], ['Ngoại ngữ', '6.4'], ['GDCD', '9']]
01000549,[['Toán', '8.6'], ['Lí', '7'], ['Hóa', '7.5'], ['Sinh', '7'], ['Văn', '8'], ['Ngoại ngữ', '9']]
01000550,[['Toán', '8.8'], ['Văn', '9'], ['Sử', '8.25'], ['Địa', '8.5'], ['Ngoại ngữ', '9.4'], ['GDCD', '10']]
01000551,[['Toán', '7.8'], ['Văn', '9'], ['Sử', '7'], ['Địa', '6.75'], ['Ngoại ngữ', '8.8'], ['GDCD', '7.5']]
01000552,[['Toán', '6.4'], ['Văn', '8'], ['Sử', '7.25'], ['Địa', '6.25'], ['Ngoại ngữ', '5.4'], ['GDCD', '9.25']]
01000553,[['Toán', '7'], ['Văn', '8.75'], ['Sử', '4.75'], ['Địa', '5.75'], ['Ngoại ngữ', '8.8'], ['GDCD', '9']]
01000554,[['Toán', '7.4'], ['Văn', '9.25'], ['Sử', '8.25'], ['Địa', '6'], ['Ngoại ngữ', '7.2'], ['GDCD', '7.75']]
01000555,[['Toán', '7.8'], ['Văn', '9'], ['Sử', '6.75'], ['Địa', '6.75'], ['Ngoại ngữ', '7'], ['GDCD', '9.5']]
01000556,[['Toán', '8.8'], ['Lí', '9'], ['Hóa', '8.75'], ['Sinh', '7'], ['Văn', '7.25'], ['Ngoại ngữ', '7.8']]
01000557,[['Toán', '8.2'], ['Lí', '6.5'], ['Hóa', '5.25'], ['Sinh', '5.75'], ['Văn', '6.5'], ['Ngoại ngữ', '8.6']]
01000558,[['Toán', '8.4'], ['Lí', '8.5'], ['Hóa', '5.5'], ['Sinh', '7'], ['Văn', '7.25'], ['Ngoại ngữ', '8.6']]
01000559,[['Toán', '9'], ['Lí', '9.25'], ['Hóa', '9.25'], ['Sinh', '6.5'], ['Văn', '6.25'], ['Ngoại ngữ', '8.8']]
01000560,[['Toán', '7.4'], ['Lí', '6'], ['Hóa', '4.5'], ['Sinh', '6'], ['Văn', '6'], ['Ngoại ngữ', '8.8']]
01000561,[['Toán', '8.2'], ['Lí', '8.75'], ['Hóa', '8.75'], ['Sinh', '6'], ['Văn', '7.75'], ['Ngoại ngữ', '8.6']]
01000562,[['Toán', '8'], ['Lí', '9'], ['Hóa', '7.75'], ['Sinh', '8.25'], ['Văn', '6.5'], ['Ngoại ngữ', '9.6']]
01000563,[['Toán', '8.2'], ['Lí', '8.5'], ['Hóa', '8.5'], ['Sinh', '6.75'], ['Văn', '7.25'], ['Ngoại ngữ', '8.2']]
01000564,[['Toán', '7.8'], ['Lí', '7.5'], ['Hóa', '6.25'], ['Sinh', '5.25'], ['Văn', '9.25'], ['Ngoại ngữ', '7.4']]
01000565,[['Toán', '8.2'], ['Văn', '9.5'], ['Sử', '7.25'], ['Địa', '6.75'], ['Ngoại ngữ', '9'], ['GDCD', '9']]
01000566,[['Toán', '8.4'], ['Văn', '9'], ['Sử', '7.75'], ['Địa', '7.75'], ['Ngoại ngữ', '8'], ['GDCD', '10']]
01000567,[['Toán', '6'], ['Văn', '7.25'], ['Sử', '6.25'], ['Địa', '6'], ['Ngoại ngữ', '7.8'], ['GDCD', '8']]
01000568,[['Toán', '7.8'], ['Văn', '7.5'], ['Sử', '3.5'], ['Địa', '5.5'], ['Ngoại ngữ', '6'], ['GDCD', '6.5']]
01000569,[['Toán', '7.4'], ['Văn', '9.25'], ['Sử', '7.75'], ['Địa', '6.5'], ['Ngoại ngữ', '9.6'], ['GDCD', '8.5']]
01000570,[['Toán', '9'], ['Văn', '8.5'], ['Sử', '4.25'], ['Địa', '5.5'], ['Ngoại ngữ', '8.2'], ['GDCD', '9']]
01000571,[['Toán', '8.6'], ['Hóa', '9'], ['Sinh', '8.75']]
01000572,[['Toán', '5.4'], ['Văn', '7.75'], ['Sử', '5.75'], ['Địa', '5'], ['Ngoại ngữ', '7.2'], ['GDCD', '8.5']]
01000573,[['Toán', '7.2'], ['Văn', '9.25'], ['Sử', '5.25'], ['Địa', '6'], ['Ngoại ngữ', '9'], ['GDCD', '9.5']]
01000574,[['Toán', '7'], ['Văn', '9.5'], ['Sử', '9.5']]
01000575,[['Toán', '5.6'], ['Văn', '8.25'], ['Sử', '6.5'], ['Địa', '6'], ['Ngoại ngữ', '4.6'], ['GDCD', '9.25']]
01000576,[['Toán', '8.6'], ['Văn', '8.5'], ['Sử', '8.5'], ['Địa', '7'], ['Ngoại ngữ', '8.8'], ['GDCD', '8.75']]
01000577,[['Toán', '6.8'], ['Văn', '8.5'], ['Sử', '7.5'], ['Địa', '7'], ['Ngoại ngữ', '8.2'], ['GDCD', '9.25']]
01000578,[['Toán', '7.4'], ['Văn', '8'], ['Sử', '5.25'], ['Địa', '5.75'], ['Ngoại ngữ', '6.4'], ['GDCD', '8']]
01000579,[['Toán', '7.8'], ['Văn', '9'], ['Sử', '6.75'], ['Địa', '5.25'], ['Ngoại ngữ', '8.2'], ['GDCD', '8.25']]
01000580,[['Toán', '7'], ['Văn', '8'], ['Sử', '7.75'], ['Địa', '7.75'], ['Ngoại ngữ', '4.8'], ['GDCD', '8.75']]
01000581,[['Toán', '8'], ['Văn', '8.5'], ['Sử', '6'], ['Địa', '5.75'], ['Ngoại ngữ', '8'], ['GDCD', '8']]
01000582,[['Toán', '7.4'], ['Văn', '7.75'], ['Sử', '5.25'], ['Địa', '5.5'], ['Ngoại ngữ', '7.2'], ['GDCD', '6']]
01000583,[['Toán', '7.6'], ['Văn', '9'], ['Sử', '6.5'], ['Địa', '7'], ['Ngoại ngữ', '9.6'], ['GDCD', '9.75']]
01000584,[['Toán', '7.4'], ['Văn', '8.75'], ['Sử', '9'], ['Địa', '6.5'], ['Ngoại ngữ', '9.4'], ['GDCD', '9']]
01000585,[['Toán', '7.8'], ['Văn', '8.5'], ['Sử', '8.5'], ['Địa', '7.25'], ['Ngoại ngữ', '8.8'], ['GDCD', '9.5']]
01000586,[['Toán', '8.4'], ['Văn', '8'], ['Sử', '8.5'], ['Địa', '6.75'], ['Ngoại ngữ', '8.6'], ['GDCD', '9.5']]
01000587,[['Toán', '7.6'], ['Văn', '8.5'], ['Sử', '7.5'], ['Địa', '7.5'], ['Ngoại ngữ', '9.2'], ['GDCD', '9.5']]
01000588,[['Toán', '6.8'], ['Văn', '8.75'], ['Sử', '5'], ['Địa', '7'], ['Ngoại ngữ', '7.4'], ['GDCD', '8.25']]
01000589,[['Toán', '7.4'], ['Văn', '9'], ['Sử', '8.75'], ['Địa', '7.5'], ['Ngoại ngữ', '8.4'], ['GDCD', '9.75']]
01000590,[['Toán', '7.4'], ['Văn', '8.5'], ['Sử', '8'], ['Địa', '8'], ['Ngoại ngữ', '9.6'], ['GDCD', '10']]
01000591,[['Toán', '7.6'], ['Văn', '8.5'], ['Sử', '8.75'], ['Địa', '7.5'], ['Ngoại ngữ', '8.6'], ['GDCD', '9.25']]
01000592,[['Toán', '7.4'], ['Văn', '8.75'], ['Sử', '6'], ['Địa', '5'], ['Ngoại ngữ', '9'], ['GDCD', '7.5']]
01000593,[['Toán', '8'], ['Văn', '9'], ['Sử', '6.5'], ['Địa', '6.75'], ['Ngoại ngữ', '9.6'], ['GDCD', '8.75']]
01000594,[['Toán', '3.8'], ['Văn', '8.75'], ['Sử', '8'], ['Địa', '6.5'], ['Ngoại ngữ', '8'], ['GDCD', '9.75']]
01000595,[['Toán', '7.8'], ['Văn', '9'], ['Sử', '7'], ['Địa', '7.25'], ['Ngoại ngữ', '9.6'], ['GDCD', '9.25']]
01000596,[['Toán', '5.4'], ['Văn', '8.5'], ['Sử', '6.5'], ['Địa', '5.75'], ['Ngoại ngữ', '7.4'], ['GDCD', '7.5']]
01000597,[['Toán', '8.2'], ['Văn', '8.5'], ['Sử', '6.75'], ['Địa', '7'], ['Ngoại ngữ', '8.6'], ['GDCD', '8']]
01000598,[['Toán', '8.2'], ['Văn', '8.25'], ['Sử', '9.25'], ['Địa', '8.5'], ['Ngoại ngữ', '9.4'], ['GDCD', '9.5']]
01000599,[['Toán', '6.2'], ['Văn', '6.25'], ['Sử', '4.75'], ['Địa', '6.25'], ['Ngoại ngữ', '7.4'], ['GDCD', '8.25']]
01000600,[['Toán', '7.6'], ['Lí', '7.25'], ['Hóa', '4.5'], ['Sinh', '5.25'], ['Văn', '7'], ['Ngoại ngữ', '9.2']]
01000601,[['Toán', '8.4'], ['Lí', '7.75'], ['Hóa', '7.25'], ['Sinh', '7.5'], ['Văn', '5.5']]
01000602,[['Toán', '8.8'], ['Lí', '4'], ['Hóa', '9.5'], ['Sinh', '9.25'], ['Văn', '5']]
01000603,[['Toán', '6'], ['Văn', '7.25'], ['Sử', '5.75'], ['Địa', '4.75'], ['Ngoại ngữ', '8.2'], ['GDCD', '7.5']]
01000604,[['Toán', '7.6'], ['Lí', '6.75'], ['Hóa', '6.5'], ['Sinh', '5.75'], ['Văn', '7.25'], ['Ngoại ngữ', '9.2']]
01000605,[['Toán', '8.2'], ['Văn', '8'], ['Sử', '8.75']]
01000606,[['Toán', '5.2'], ['Văn', '6.75'], ['Sử', '3.75'], ['Địa', '2'], ['Ngoại ngữ', '3.2'], ['GDCD', '6.75']]
01000607,[['Toán', '7'], ['Văn', '8.25'], ['Sử', '6'], ['Địa', '4.75'], ['Ngoại ngữ', '8.6'], ['GDCD', '8.25']]
01000608,[['Toán', '6.6'], ['Văn', '6.75'], ['Sử', '6.75'], ['Địa', '6.75'], ['GDCD', '8']]
01000609,[['Toán', '7.8'], ['Lí', '5'], ['Hóa', '6.5'], ['Sinh', '5'], ['Văn', '8'], ['Ngoại ngữ', '7.6']]
01000610,[['Toán', '7'], ['Lí', '6.25'], ['Hóa', '5'], ['Sinh', '4.75'], ['Văn', '7.75'], ['Ngoại ngữ', '7.6']]
01000611,[['Toán', '6.2'], ['Lí', '6'], ['Hóa', '5'], ['Sinh', '6.75'], ['Văn', '4.75']]
01000612,[['Toán', '6.8'], ['Văn', '8'], ['Sử', '6.5'], ['Địa', '6'], ['GDCD', '9']]
01000613,[['Toán', '7.6'], ['Lí', '7.5'], ['Hóa', '3.25'], ['Sinh', '4.5'], ['Văn', '7.5'], ['Ngoại ngữ', '8.6']]
01000614,[['Toán', '8.8'], ['Văn', '7.75'], ['Sử', '7'], ['Địa', '6.5'], ['Ngoại ngữ', '9.4'], ['GDCD', '9']]
01000615,[['Toán', '8.6'], ['Văn', '8.5'], ['Sử', '8.75'], ['Địa', '7'], ['Ngoại ngữ', '9.6'], ['GDCD', '9.75']]
01000616,[['Toán', '8.2'], ['Văn', '9.25'], ['Sử', '8.25'], ['Địa', '7.75'], ['Ngoại ngữ', '9'], ['GDCD', '8.25']]
01000617,[['Toán', '7.8'], ['Văn', '9'], ['Sử', '5.5'], ['Địa', '6.25'], ['Ngoại ngữ', '8.4'], ['GDCD', '9.25']]
01000618,[['Toán', '7.6'], ['Văn', '8.5'], ['Sử', '5.5'], ['Địa', '6.75'], ['Ngoại ngữ', '9.4'], ['GDCD', '9.25']]
01000619,[['Toán', '5'], ['Văn', '7.25'], ['Sử', '7.75'], ['Địa', '6.75'], ['Ngoại ngữ', '5.8'], ['GDCD', '9.25']]
01000620,[['Toán', '8.8'], ['Lí', '7.75'], ['Hóa', '6'], ['Sinh', '5.75'], ['Văn', '5.5'], ['Ngoại ngữ', '9.4']]
01000621,[['Toán', '6.4'], ['Văn', '6.5'], ['Sử', '6.25'], ['Địa', '5.25'], ['Ngoại ngữ', '6.6'], ['GDCD', '7.25']]
01000622,[['Toán', '5.6'], ['Văn', '6.5'], ['Sử', '6'], ['Địa', '6.25'], ['Ngoại ngữ', '5.8'], ['GDCD', '8.5']]
01000623,[['Toán', '6.8'], ['Văn', '7.25'], ['Sử', '5.75'], ['Địa', '5.25'], ['Ngoại ngữ', '7.8'], ['GDCD', '7']]
01000624,[['Toán', '3.4'], ['Văn', '7.25'], ['Sử', '5.25'], ['Địa', '5'], ['Ngoại ngữ', '3.8'], ['GDCD', '6.75']]
01000625,[['Toán', '7.8'], ['Văn', '8.5'], ['Sử', '6.75'], ['Địa', '7.25'], ['Ngoại ngữ', '8.8'], ['GDCD', '8.25']]
01000626,[['Toán', '8.2'], ['Lí', '8'], ['Hóa', '7.25'], ['Sinh', '8.25'], ['Văn', '7.5'], ['Ngoại ngữ', '9']]
01000627,[['Toán', '6.2'], ['Văn', '8'], ['Sử', '5.25'], ['Địa', '6'], ['Ngoại ngữ', '7'], ['GDCD', '8']]
01000628,[['Toán', '7'], ['Văn', '9'], ['Sử', '5'], ['Địa', '6.5'], ['Ngoại ngữ', '8.6'], ['GDCD', '7.75']]
01000629,[['Toán', '8'], ['Văn', '9.25'], ['Sử', '6.5'], ['Địa', '7.5'], ['GDCD', '9']]
01000630,[['Toán', '5.6'], ['Văn', '5.5'], ['Sử', '6'], ['Địa', '5.5'], ['Ngoại ngữ', '8.6'], ['GDCD', '8.75']]
01000631,[['Toán', '8.8'], ['Văn', '8.5'], ['Sử', '5.5'], ['Địa', '6.75'], ['Ngoại ngữ', '8.6'], ['GDCD', '8.25']]
01000632,[['Toán', '8.4'], ['Văn', '8.25'], ['Sử', '7'], ['Địa', '6.75'], ['Ngoại ngữ', '6.2'], ['GDCD', '9']]
01000633,[['Toán', '7'], ['Văn', '9'], ['Sử', '6.5'], ['Địa', '5.5'], ['Ngoại ngữ', '9.4'], ['GDCD', '8.75']]
01000634,[['Toán', '6.6'], ['Văn', '9.25'], ['Sử', '6.25'], ['Địa', '7'], ['Ngoại ngữ', '7.8'], ['GDCD', '8']]
01000635,[['Toán', '8.2'], ['Văn', '7.5'], ['Sử', '7.5'], ['Địa', '7'], ['Ngoại ngữ', '8.4'], ['GDCD', '8.25']]
01000636,[['Toán', '8'], ['Văn', '9'], ['Sử', '9'], ['Địa', '8.75'], ['Ngoại ngữ', '8.4'], ['GDCD', '9']]
01000637,[['Toán', '7'], ['Văn', '9.25'], ['Sử', '7.5'], ['Địa', '6.5'], ['Ngoại ngữ', '9.2'], ['GDCD', '7.75']]
01000638,[['Toán', '6.4'], ['Lí', '5.5'], ['Hóa', '8'], ['Sinh', '6'], ['Văn', '4.5'], ['Ngoại ngữ', '8.6']]
01000639,[['Toán', '8'], ['Văn', '7.75'], ['Sử', '7.75'], ['Địa', '7'], ['Ngoại ngữ', '9.2'], ['GDCD', '9']]
01000640,[['Toán', '7.2'], ['Văn', '8'], ['Sử', '7.5'], ['Địa', '8'], ['Ngoại ngữ', '7.8'], ['GDCD', '9.5']]
01000641,[['Toán', '6.4'], ['Văn', '8'], ['Sử', '8.75'], ['Địa', '7'], ['Ngoại ngữ', '8.2'], ['GDCD', '10']]
01000642,[['Toán', '8'], ['Văn', '8.25'], ['Sử', '7'], ['Địa', '6'], ['Ngoại ngữ', '9.2'], ['GDCD', '10']]
01000643,[['Toán', '5.6'], ['Văn', '8'], ['Sử', '6.5'], ['Địa', '4.75'], ['Ngoại ngữ', '3.6'], ['GDCD', '8.25']]
01000644,[['Toán', '7.6'], ['Văn', '9.25'], ['Sử', '7.25'], ['Địa', '9.25'], ['Ngoại ngữ', '9.2'], ['GDCD', '8.75']]
01000645,[['Toán', '7.2'], ['Văn', '9'], ['Sử', '8'], ['Địa', '6.5'], ['Ngoại ngữ', '8.8'], ['GDCD', '8']]
01000646,[['Toán', '8'], ['Văn', '9.25'], ['Sử', '6.75'], ['Địa', '6.5'], ['Ngoại ngữ', '9'], ['GDCD', '9']]
01000647,[['Toán', '7.4'], ['Văn', '8.75'], ['Sử', '5'], ['Địa', '6.25'], ['Ngoại ngữ', '6.4'], ['GDCD', '8.25']]
01000648,[['Toán', '4.6'], ['Văn', '8.25'], ['Sử', '7.5'], ['Địa', '8'], ['Ngoại ngữ', '8'], ['GDCD', '8.75']]
01000649,[['Toán', '8'], ['Văn', '9.5'], ['Sử', '7.75'], ['Địa', '6.75'], ['Ngoại ngữ', '9.2'], ['GDCD', '8.5']]
01000650,[['Toán', '5.6'], ['Văn', '9'], ['Sử', '6.5'], ['Địa', '6.5'], ['GDCD', '8.5']]
01000651,[['Toán', '5.4'], ['Văn', '8.5'], ['Sử', '7.75'], ['Địa', '7'], ['Ngoại ngữ', '8.6'], ['GDCD', '8.25']]
01000652,[['Toán', '8.2'], ['Văn', '9'], ['Sử', '5.5'], ['Địa', '6.5'], ['Ngoại ngữ', '8.6'], ['GDCD', '7.5']]
01000653,[['Toán', '7.8'], ['Văn', '8.75'], ['Sử', '5.25'], ['Địa', '4.25'], ['Ngoại ngữ', '8.6'], ['GDCD', '9']]
01000654,[['Toán', '8.4'], ['Văn', '9'], ['Sử', '6.5'], ['Địa', '5'], ['Ngoại ngữ', '8.6'], ['GDCD', '6.75']]
01000655,[['Toán', '6.8'], ['Văn', '8'], ['Sử', '6'], ['Địa', '5.75'], ['Ngoại ngữ', '3.8'], ['GDCD', '8.5']]
01000656,[['Toán', '7.8'], ['Văn', '8.75'], ['Sử', '6.25'], ['Địa', '6.75'], ['Ngoại ngữ', '9.4'], ['GDCD', '8.5']]
01000657,[['Toán', '6.8'], ['Văn', '9.25'], ['Sử', '7.75'], ['Địa', '7.75'], ['Ngoại ngữ', '9'], ['GDCD', '9.75']]
01000658,[['Toán', '7.8'], ['Văn', '8.75'], ['Sử', '7.75'], ['Địa', '8'], ['Ngoại ngữ', '8.8'], ['GDCD', '9']]
01000659,[['Toán', '8'], ['Văn', '8.25'], ['Sử', '6.25'], ['Địa', '7'], ['Ngoại ngữ', '9.4'], ['GDCD', '8.75']]
01000660,[['Toán', '8.2'], ['Văn', '8.25'], ['Sử', '3.75'], ['Địa', '6'], ['Ngoại ngữ', '7'], ['GDCD', '8']]
01000661,[['Toán', '7.8'], ['Lí', '8.5'], ['Hóa', '5.75'], ['Sinh', '8.25'], ['Văn', '9'], ['Ngoại ngữ', '8.8']]
01000662,[['Toán', '5.2'], ['Văn', '8.5'], ['Sử', '5'], ['Địa', '5.75'], ['Ngoại ngữ', '5.6'], ['GDCD', '7.75']]
01000663,[['Toán', '8.4'], ['Lí', '8.5'], ['Hóa', '4.25'], ['Sinh', '5.25'], ['Văn', '7'], ['Ngoại ngữ', '8.8']]
01000664,[['Toán', '7.8'], ['Lí', '3.75'], ['Hóa', '8.5'], ['Sinh', '5.25'], ['Văn', '6.75'], ['Ngoại ngữ', '8.6']]
01000665,[['Toán', '6.2'], ['Văn', '7.75'], ['Sử', '5'], ['Địa', '6.25'], ['GDCD', '8']]
01000666,[['Toán', '7'], ['Văn', '6.75'], ['Sử', '8'], ['Địa', '7'], ['Ngoại ngữ', '5.4'], ['GDCD', '9']]
01000667,[['Toán', '8.2'], ['Văn', '6.75'], ['Sử', '7'], ['Địa', '7.75'], ['Ngoại ngữ', '8'], ['GDCD', '9']]
01000668,[['Toán', '7.4'], ['Văn', '8.5'], ['Sử', '7.75'], ['Địa', '6.25'], ['GDCD', '8.5']]
01000669,[['Toán', '7.8'], ['Văn', '9.25'], ['Sử', '7.25'], ['Địa', '7.5'], ['Ngoại ngữ', '8.2'], ['GDCD', '8.25']]
01000670,[['Toán', '7.8'], ['Văn', '8.5'], ['Sử', '4.75'], ['Địa', '4.25'], ['Ngoại ngữ', '8.2'], ['GDCD', '9.25']]
01000671,[['Toán', '6'], ['Văn', '8'], ['Sử', '6'], ['Địa', '6'], ['Ngoại ngữ', '9'], ['GDCD', '8.5']]
01000672,[['Toán', '7.8'], ['Văn', '9'], ['Sử', '7.5'], ['Địa', '7.25'], ['Ngoại ngữ', '8'], ['GDCD', '8']]
01000673,[['Toán', '5.4'], ['Văn', '8'], ['Sử', '6.75'], ['Địa', '6.5'], ['Ngoại ngữ', '10'], ['GDCD', '7.5']]
01000674,[['Toán', '7.6'], ['Văn', '8'], ['Sử', '6.25'], ['Địa', '7.25'], ['Ngoại ngữ', '9.2'], ['GDCD', '9.5']]
01000675,[['Toán', '5.4'], ['Văn', '8.25'], ['Sử', '5'], ['Địa', '6'], ['Ngoại ngữ', '3.4'], ['GDCD', '8.5']]
01000676,[['Toán', '7.4'], ['Văn', '9.25'], ['Sử', '5.25'], ['Địa', '4.25'], ['Ngoại ngữ', '8.6'], ['GDCD', '7.75']]
01000677,[['Toán', '7.4'], ['Văn', '9'], ['Sử', '8'], ['Địa', '9'], ['Ngoại ngữ', '8.8'], ['GDCD', '8.5']]
01000678,[['Toán', '7.6'], ['Văn', '9.25'], ['Sử', '8.5'], ['Địa', '7'], ['Ngoại ngữ', '9'], ['GDCD', '9.5']]
01000679,[['Toán', '6.6'], ['Văn', '8.25'], ['Sử', '4'], ['Địa', '4.25'], ['Ngoại ngữ', '7.6'], ['GDCD', '6']]
01000680,[['Toán', '8.6'], ['Lí', '8.75'], ['Hóa', '5.25'], ['Sinh', '7.25'], ['Văn', '8.5'], ['Ngoại ngữ', '8.4']]
01000681,[['Toán', '3.4'], ['Văn', '6'], ['Sử', '5'], ['Địa', '4.75'], ['Ngoại ngữ', '4.2'], ['GDCD', '7']]
01000682,[['Toán', '7.4'], ['Văn', '8.5'], ['Sử', '8'], ['Địa', '8.25'], ['Ngoại ngữ', '6.4'], ['GDCD', '10']]
01000683,[['Toán', '8'], ['Văn', '9'], ['Sử', '6.75'], ['Địa', '6'], ['Ngoại ngữ', '9'], ['GDCD', '9']]
01000684,[['Toán', '8.8'], ['Lí', '6.5'], ['Hóa', '8.25'], ['Sinh', '8'], ['Văn', '8.25'], ['Ngoại ngữ', '7.6']]
01000685,[['Toán', '8.2'], ['Lí', '6.25'], ['Hóa', '5.5'], ['Sinh', '6.25'], ['Văn', '7.5'], ['Ngoại ngữ', '7.6']]
